value,variable,units,years_post,treatment,study,forest_type,region,burn_season,thin_type,other,other2
0.34,fwd,kg/m2,12,control,hood,ponderosa,interior_pnw,NA,NA,NA,NA
0.33,fwd,kg/m2,22,control,hood,ponderosa,interior_pnw,NA,NA,NA,NA
0.63,fwd,kg/m2,12,thin,hood,ponderosa,interior_pnw,NA,commercial,NA,NA
0.33,fwd,kg/m2,22,thin,hood,ponderosa,interior_pnw,NA,commercial,NA,NA
0.82,fwd,kg/m2,0,thinburn,hood,ponderosa,interior_pnw,spring,commercial,NA,NA
0.46,fwd,kg/m2,1,thinburn,hood,ponderosa,interior_pnw,spring,commercial,NA,NA
0.33,fwd,kg/m2,12,thinburn,hood,ponderosa,interior_pnw,spring,commercial,NA,NA
0.28,fwd,kg/m2,22,thinburn,hood,ponderosa,interior_pnw,spring,commercial,NA,NA
0.69,fwd,kg/m2,0,thinburn,hood,ponderosa,interior_pnw,fall,commercial,NA,NA
0.35,fwd,kg/m2,1,thinburn,hood,ponderosa,interior_pnw,fall,commercial,NA,NA
0.41,fwd,kg/m2,12,thinburn,hood,ponderosa,interior_pnw,fall,commercial,NA,NA
0.20,fwd,kg/m2,22,thinburn,hood,ponderosa,interior_pnw,fall,commercial,NA,NA
0.57,fwd,kg/m2,12,control,hood,ponderosa,interior_pnw,NA,NA,NA,NA
0.53,fwd,kg/m2,22,control,hood,ponderosa,interior_pnw,NA,NA,NA,NA
0.86,fwd,kg/m2,12,thin,hood,ponderosa,interior_pnw,NA,shelterwood,NA,NA
0.56,fwd,kg/m2,22,thin,hood,ponderosa,interior_pnw,NA,shelterwood,NA,NA
0.95,fwd,kg/m2,0,thinburn,hood,ponderosa,interior_pnw,spring,shelterwood,wet burn,NA
0.44,fwd,kg/m2,1,thinburn,hood,ponderosa,interior_pnw,spring,shelterwood,wet burn,NA
0.58,fwd,kg/m2,12,thinburn,hood,ponderosa,interior_pnw,spring,shelterwood,wet burn,NA
0.31,fwd,kg/m2,22,thinburn,hood,ponderosa,interior_pnw,spring,shelterwood,wet burn,NA
1.14,fwd,kg/m2,0,thinburn,hood,ponderosa,interior_pnw,spring,shelterwood,dry burn,NA
0.62,fwd,kg/m2,1,thinburn,hood,ponderosa,interior_pnw,spring,shelterwood,dry burn,NA
0.48,fwd,kg/m2,12,thinburn,hood,ponderosa,interior_pnw,spring,shelterwood,dry burn,NA
0.42,fwd,kg/m2,22,thinburn,hood,ponderosa,interior_pnw,spring,shelterwood,dry burn,NA
0.86,cwd,kg/m2,12,control,hood,ponderosa,interior_pnw,NA,NA,NA,NA
0.43,cwd,kg/m2,22,control,hood,ponderosa,interior_pnw,NA,NA,NA,NA
1.43,cwd,kg/m2,12,thin,hood,ponderosa,interior_pnw,NA,commercial,NA,NA
0.52,cwd,kg/m2,22,thin,hood,ponderosa,interior_pnw,NA,commercial,NA,NA
1.32,cwd,kg/m2,0,thinburn,hood,ponderosa,interior_pnw,spring,commercial,NA,NA
0.45,cwd,kg/m2,1,thinburn,hood,ponderosa,interior_pnw,spring,commercial,NA,NA
0.47,cwd,kg/m2,12,thinburn,hood,ponderosa,interior_pnw,spring,commercial,NA,NA
0.31,cwd,kg/m2,22,thinburn,hood,ponderosa,interior_pnw,spring,commercial,NA,NA
0.88,cwd,kg/m2,0,thinburn,hood,ponderosa,interior_pnw,fall,commercial,NA,NA
0.11,cwd,kg/m2,1,thinburn,hood,ponderosa,interior_pnw,fall,commercial,NA,NA
0.50,cwd,kg/m2,12,thinburn,hood,ponderosa,interior_pnw,fall,commercial,NA,NA
0.47,cwd,kg/m2,22,thinburn,hood,ponderosa,interior_pnw,fall,commercial,NA,NA
1.49,cwd,kg/m2,12,control,hood,ponderosa,interior_pnw,NA,NA,NA,NA
1.47,cwd,kg/m2,22,control,hood,ponderosa,interior_pnw,NA,NA,NA,NA
1.09,cwd,kg/m2,12,thin,hood,ponderosa,interior_pnw,NA,shelterwood,NA,NA
1.63,cwd,kg/m2,22,thin,hood,ponderosa,interior_pnw,NA,shelterwood,NA,NA
0.41,cwd,kg/m2,0,thinburn,hood,ponderosa,interior_pnw,spring,shelterwood,wet burn,NA
0.13,cwd,kg/m2,1,thinburn,hood,ponderosa,interior_pnw,spring,shelterwood,wet burn,NA
1.46,cwd,kg/m2,12,thinburn,hood,ponderosa,interior_pnw,spring,shelterwood,wet burn,NA
0.68,cwd,kg/m2,22,thinburn,hood,ponderosa,interior_pnw,spring,shelterwood,wet burn,NA
0.71,cwd,kg/m2,0,thinburn,hood,ponderosa,interior_pnw,spring,shelterwood,dry burn,NA
0.13,cwd,kg/m2,1,thinburn,hood,ponderosa,interior_pnw,spring,shelterwood,dry burn,NA
1.13,cwd,kg/m2,12,thinburn,hood,ponderosa,interior_pnw,spring,shelterwood,dry burn,NA
0.77,cwd,kg/m2,22,thinburn,hood,ponderosa,interior_pnw,spring,shelterwood,dry burn,NA
4.17,litterduff,kg/m2,12,control,hood,ponderosa,interior_pnw,NA,NA,NA,NA
2.08,litterduff,kg/m2,22,control,hood,ponderosa,interior_pnw,NA,NA,NA,NA
2.46,litterduff,kg/m2,12,thin,hood,ponderosa,interior_pnw,NA,commercial,NA,NA
1.57,litterduff,kg/m2,22,thin,hood,ponderosa,interior_pnw,NA,commercial,NA,NA
2.26,litterduff,kg/m2,0,thinburn,hood,ponderosa,interior_pnw,spring,commercial,NA,NA
1.32,litterduff,kg/m2,1,thinburn,hood,ponderosa,interior_pnw,spring,commercial,NA,NA
1.64,litterduff,kg/m2,12,thinburn,hood,ponderosa,interior_pnw,spring,commercial,NA,NA
1.17,litterduff,kg/m2,22,thinburn,hood,ponderosa,interior_pnw,spring,commercial,NA,NA
3.02,litterduff,kg/m2,0,thinburn,hood,ponderosa,interior_pnw,fall,commercial,NA,NA
0.93,litterduff,kg/m2,1,thinburn,hood,ponderosa,interior_pnw,fall,commercial,NA,NA
1.39,litterduff,kg/m2,12,thinburn,hood,ponderosa,interior_pnw,fall,commercial,NA,NA
1.21,litterduff,kg/m2,22,thinburn,hood,ponderosa,interior_pnw,fall,commercial,NA,NA
3.39,litterduff,kg/m2,12,control,hood,ponderosa,interior_pnw,NA,NA,NA,NA
1.97,litterduff,kg/m2,22,control,hood,ponderosa,interior_pnw,NA,NA,NA,NA
2.90,litterduff,kg/m2,12,thin,hood,ponderosa,interior_pnw,NA,shelterwood,NA,NA
2.07,litterduff,kg/m2,22,thin,hood,ponderosa,interior_pnw,NA,shelterwood,NA,NA
2.77,litterduff,kg/m2,0,thinburn,hood,ponderosa,interior_pnw,spring,shelterwood,wet burn,NA
2.30,litterduff,kg/m2,1,thinburn,hood,ponderosa,interior_pnw,spring,shelterwood,wet burn,NA
1.90,litterduff,kg/m2,12,thinburn,hood,ponderosa,interior_pnw,spring,shelterwood,wet burn,NA
1.31,litterduff,kg/m2,22,thinburn,hood,ponderosa,interior_pnw,spring,shelterwood,wet burn,NA
3.54,litterduff,kg/m2,0,thinburn,hood,ponderosa,interior_pnw,spring,shelterwood,dry burn,NA
2.20,litterduff,kg/m2,1,thinburn,hood,ponderosa,interior_pnw,spring,shelterwood,dry burn,NA
1.61,litterduff,kg/m2,12,thinburn,hood,ponderosa,interior_pnw,spring,shelterwood,dry burn,NA
1.39,litterduff,kg/m2,22,thinburn,hood,ponderosa,interior_pnw,spring,shelterwood,dry burn,NA
348,density,trees/ha,1,control,hood,ponderosa,interior_pnw,NA,NA,NA,NA
358,density,trees/ha,12,control,hood,ponderosa,interior_pnw,NA,NA,NA,NA
304,density,trees/ha,22,control,hood,ponderosa,interior_pnw,NA,NA,NA,NA
177,density,trees/ha,1,thin,hood,ponderosa,interior_pnw,NA,commercial,NA,NA
186,density,trees/ha,12,thin,hood,ponderosa,interior_pnw,NA,commercial,NA,NA
189,density,trees/ha,22,thin,hood,ponderosa,interior_pnw,NA,commercial,NA,NA
199,density,trees/ha,1,thinburn,hood,ponderosa,interior_pnw,spring,commercial,NA,NA
199,density,trees/ha,12,thinburn,hood,ponderosa,interior_pnw,spring,commercial,NA,NA
208,density,trees/ha,22,thinburn,hood,ponderosa,interior_pnw,spring,commercial,NA,NA
202,density,trees/ha,1,thinburn,hood,ponderosa,interior_pnw,fall,commercial,NA,NA
213,density,trees/ha,12,thinburn,hood,ponderosa,interior_pnw,fall,commercial,NA,NA
202,density,trees/ha,22,thinburn,hood,ponderosa,interior_pnw,fall,commercial,NA,NA
325,density,trees/ha,1,control,hood,ponderosa,interior_pnw,NA,NA,NA,NA
306,density,trees/ha,12,control,hood,ponderosa,interior_pnw,NA,NA,NA,NA
275,density,trees/ha,22,control,hood,ponderosa,interior_pnw,NA,NA,NA,NA
140,density,trees/ha,1,thin,hood,ponderosa,interior_pnw,NA,shelterwood,NA,NA
133,density,trees/ha,12,thin,hood,ponderosa,interior_pnw,NA,shelterwood,NA,NA
140,density,trees/ha,22,thin,hood,ponderosa,interior_pnw,NA,shelterwood,NA,NA
118,density,trees/ha,1,thinburn,hood,ponderosa,interior_pnw,spring,shelterwood,wet burn,NA
115,density,trees/ha,12,thinburn,hood,ponderosa,interior_pnw,spring,shelterwood,wet burn,NA
122,density,trees/ha,22,thinburn,hood,ponderosa,interior_pnw,spring,shelterwood,wet burn,NA
148,density,trees/ha,1,thinburn,hood,ponderosa,interior_pnw,spring,shelterwood,dry burn,NA
131,density,trees/ha,12,thinburn,hood,ponderosa,interior_pnw,spring,shelterwood,dry burn,NA
133,density,trees/ha,22,thinburn,hood,ponderosa,interior_pnw,spring,shelterwood,dry burn,NA
23.7,basal_area,m2/ha,1,control,hood,ponderosa,interior_pnw,NA,NA,NA,NA
30.0,basal_area,m2/ha,12,control,hood,ponderosa,interior_pnw,NA,NA,NA,NA
29.0,basal_area,m2/ha,22,control,hood,ponderosa,interior_pnw,NA,NA,NA,NA
12.9,basal_area,m2/ha,1,thin,hood,ponderosa,interior_pnw,NA,commercial,NA,NA
17.4,basal_area,m2/ha,12,thin,hood,ponderosa,interior_pnw,NA,commercial,NA,NA
21.0,basal_area,m2/ha,22,thin,hood,ponderosa,interior_pnw,NA,commercial,NA,NA
12.9,basal_area,m2/ha,1,thinburn,hood,ponderosa,interior_pnw,spring,commercial,NA,NA
16.7,basal_area,m2/ha,12,thinburn,hood,ponderosa,interior_pnw,spring,commercial,NA,NA
20.8,basal_area,m2/ha,22,thinburn,hood,ponderosa,interior_pnw,spring,commercial,NA,NA
14.4,basal_area,m2/ha,1,thinburn,hood,ponderosa,interior_pnw,fall,commercial,NA,NA
18.9,basal_area,m2/ha,12,thinburn,hood,ponderosa,interior_pnw,fall,commercial,NA,NA
21.7,basal_area,m2/ha,22,thinburn,hood,ponderosa,interior_pnw,fall,commercial,NA,NA
25.5,basal_area,m2/ha,1,control,hood,ponderosa,interior_pnw,NA,NA,NA,NA
28.3,basal_area,m2/ha,12,control,hood,ponderosa,interior_pnw,NA,NA,NA,NA
29.2,basal_area,m2/ha,22,control,hood,ponderosa,interior_pnw,NA,NA,NA,NA
11.9,basal_area,m2/ha,1,thin,hood,ponderosa,interior_pnw,NA,shelterwood,NA,NA
15.0,basal_area,m2/ha,12,thin,hood,ponderosa,interior_pnw,NA,shelterwood,NA,NA
17.9,basal_area,m2/ha,22,thin,hood,ponderosa,interior_pnw,NA,shelterwood,NA,NA
10.0,basal_area,m2/ha,1,thinburn,hood,ponderosa,interior_pnw,spring,shelterwood,wet burn,NA
12.5,basal_area,m2/ha,12,thinburn,hood,ponderosa,interior_pnw,spring,shelterwood,wet burn,NA
15.5,basal_area,m2/ha,22,thinburn,hood,ponderosa,interior_pnw,spring,shelterwood,wet burn,NA
11.6,basal_area,m2/ha,1,thinburn,hood,ponderosa,interior_pnw,spring,shelterwood,dry burn,NA
13.2,basal_area,m2/ha,12,thinburn,hood,ponderosa,interior_pnw,spring,shelterwood,dry burn,NA
16.0,basal_area,m2/ha,22,thinburn,hood,ponderosa,interior_pnw,spring,shelterwood,dry burn,NA
30.1,qmd,cm,1,control,hood,ponderosa,interior_pnw,NA,NA,NA,NA
33.1,qmd,cm,12,control,hood,ponderosa,interior_pnw,NA,NA,NA,NA
35.5,qmd,cm,22,control,hood,ponderosa,interior_pnw,NA,NA,NA,NA
31.2,qmd,cm,1,thin,hood,ponderosa,interior_pnw,NA,commercial,NA,NA
35.4,qmd,cm,12,thin,hood,ponderosa,interior_pnw,NA,commercial,NA,NA
38.6,qmd,cm,22,thin,hood,ponderosa,interior_pnw,NA,commercial,NA,NA
29.4,qmd,cm,1,thinburn,hood,ponderosa,interior_pnw,spring,commercial,NA,NA
33.6,qmd,cm,12,thinburn,hood,ponderosa,interior_pnw,spring,commercial,NA,NA
36.9,qmd,cm,22,thinburn,hood,ponderosa,interior_pnw,spring,commercial,NA,NA
30.4,qmd,cm,1,thinburn,hood,ponderosa,interior_pnw,fall,commercial,NA,NA
34,qmd,cm,12,thinburn,hood,ponderosa,interior_pnw,fall,commercial,NA,NA
37.6,qmd,cm,22,thinburn,hood,ponderosa,interior_pnw,fall,commercial,NA,NA
32.3,qmd,cm,1,control,hood,ponderosa,interior_pnw,NA,NA,NA,NA
34.9,qmd,cm,12,control,hood,ponderosa,interior_pnw,NA,NA,NA,NA
36.6,qmd,cm,22,control,hood,ponderosa,interior_pnw,NA,NA,NA,NA
34.5,qmd,cm,1,thin,hood,ponderosa,interior_pnw,NA,shelterwood,NA,NA
39.7,qmd,cm,12,thin,hood,ponderosa,interior_pnw,NA,shelterwood,NA,NA
41.9,qmd,cm,22,thin,hood,ponderosa,interior_pnw,NA,shelterwood,NA,NA
34.5,qmd,cm,1,thinburn,hood,ponderosa,interior_pnw,spring,shelterwood,wet burn,NA
39,qmd,cm,12,thinburn,hood,ponderosa,interior_pnw,spring,shelterwood,wet burn,NA
42.6,qmd,cm,22,thinburn,hood,ponderosa,interior_pnw,spring,shelterwood,wet burn,NA
33.7,qmd,cm,1,thinburn,hood,ponderosa,interior_pnw,spring,shelterwood,dry burn,NA
38.1,qmd,cm,12,thinburn,hood,ponderosa,interior_pnw,spring,shelterwood,dry burn,NA
41,qmd,cm,22,thinburn,hood,ponderosa,interior_pnw,spring,shelterwood,dry burn,NA
104,sapling_density,saps/ha,1,control,hood,ponderosa,interior_pnw,NA,NA,NA,NA
175,sapling_density,saps/ha,12,control,hood,ponderosa,interior_pnw,NA,NA,NA,NA
237,sapling_density,saps/ha,22,control,hood,ponderosa,interior_pnw,NA,NA,NA,NA
59,sapling_density,saps/ha,1,thin,hood,ponderosa,interior_pnw,NA,commercial,NA,NA
104,sapling_density,saps/ha,12,thin,hood,ponderosa,interior_pnw,NA,commercial,NA,NA
175,sapling_density,saps/ha,22,thin,hood,ponderosa,interior_pnw,NA,commercial,NA,NA
73,sapling_density,saps/ha,1,thinburn,hood,ponderosa,interior_pnw,spring,commercial,NA,NA
40,sapling_density,saps/ha,12,thinburn,hood,ponderosa,interior_pnw,spring,commercial,NA,NA
136,sapling_density,saps/ha,22,thinburn,hood,ponderosa,interior_pnw,spring,commercial,NA,NA
48,sapling_density,saps/ha,1,thinburn,hood,ponderosa,interior_pnw,fall,commercial,NA,NA
23,sapling_density,saps/ha,12,thinburn,hood,ponderosa,interior_pnw,fall,commercial,NA,NA
37,sapling_density,saps/ha,22,thinburn,hood,ponderosa,interior_pnw,fall,commercial,NA,NA
383,sapling_density,saps/ha,1,control,hood,ponderosa,interior_pnw,NA,NA,NA,NA
462,sapling_density,saps/ha,12,control,hood,ponderosa,interior_pnw,NA,NA,NA,NA
614,sapling_density,saps/ha,22,control,hood,ponderosa,interior_pnw,NA,NA,NA,NA
101,sapling_density,saps/ha,1,thin,hood,ponderosa,interior_pnw,NA,shelterwood,NA,NA
693,sapling_density,saps/ha,12,thin,hood,ponderosa,interior_pnw,NA,shelterwood,NA,NA
1526,sapling_density,saps/ha,22,thin,hood,ponderosa,interior_pnw,NA,shelterwood,NA,NA
17,sapling_density,saps/ha,1,thinburn,hood,ponderosa,interior_pnw,spring,shelterwood,wet burn,NA
28,sapling_density,saps/ha,12,thinburn,hood,ponderosa,interior_pnw,spring,shelterwood,wet burn,NA
479,sapling_density,saps/ha,22,thinburn,hood,ponderosa,interior_pnw,spring,shelterwood,wet burn,NA
45,sapling_density,saps/ha,1,thinburn,hood,ponderosa,interior_pnw,spring,shelterwood,dry burn,NA
124,sapling_density,saps/ha,12,thinburn,hood,ponderosa,interior_pnw,spring,shelterwood,dry burn,NA
496,sapling_density,saps/ha,22,thinburn,hood,ponderosa,interior_pnw,spring,shelterwood,dry burn,NA
135,seedling_density,seedlings/ha,12,control,hood,ponderosa,interior_pnw,NA,NA,NA,NA
275,seedling_density,seedlings/ha,22,control,hood,ponderosa,interior_pnw,NA,NA,NA,NA
17,seedling_density,seedlings/ha,12,thin,hood,ponderosa,interior_pnw,NA,commercial,NA,NA
774,seedling_density,seedlings/ha,22,thin,hood,ponderosa,interior_pnw,NA,commercial,NA,NA
11,seedling_density,seedlings/ha,12,thinburn,hood,ponderosa,interior_pnw,spring,commercial,NA,NA
1603,seedling_density,seedlings/ha,22,thinburn,hood,ponderosa,interior_pnw,spring,commercial,NA,NA
73,seedling_density,seedlings/ha,12,thinburn,hood,ponderosa,interior_pnw,fall,commercial,NA,NA
1872,seedling_density,seedlings/ha,22,thinburn,hood,ponderosa,interior_pnw,fall,commercial,NA,NA
865,seedling_density,seedlings/ha,12,control,hood,ponderosa,interior_pnw,NA,NA,NA,NA
4811,seedling_density,seedlings/ha,22,control,hood,ponderosa,interior_pnw,NA,NA,NA,NA
2000,seedling_density,seedlings/ha,12,thin,hood,ponderosa,interior_pnw,NA,shelterwood,NA,NA
3203,seedling_density,seedlings/ha,22,thin,hood,ponderosa,interior_pnw,NA,shelterwood,NA,NA
622,seedling_density,seedlings/ha,12,thinburn,hood,ponderosa,interior_pnw,spring,shelterwood,wet burn,NA
3878,seedling_density,seedlings/ha,22,thinburn,hood,ponderosa,interior_pnw,spring,shelterwood,wet burn,NA
568,seedling_density,seedlings/ha,12,thinburn,hood,ponderosa,interior_pnw,spring,shelterwood,dry burn,NA
2095,seedling_density,seedlings/ha,22,thinburn,hood,ponderosa,interior_pnw,spring,shelterwood,dry burn,NA
82.5,torching_index,km/hour,22,control,hood,ponderosa,interior_pnw,NA,commercial,NA,NA
85.1,torching_index,km/hour,22,thin,hood,ponderosa,interior_pnw,NA,commercial,NA,NA
81.6,torching_index,km/hour,22,thinburn,hood,ponderosa,interior_pnw,spring,commercial,NA,NA
97.4,torching_index,km/hour,22,thinburn,hood,ponderosa,interior_pnw,fall,commercial,NA,NA
40.4,torching_index,km/hour,22,control,hood,ponderosa,interior_pnw,NA,NA,NA,NA
19.3,torching_index,km/hour,22,thin,hood,ponderosa,interior_pnw,NA,NA,NA,NA
43.9,torching_index,km/hour,22,thinburn,hood,ponderosa,interior_pnw,spring,shelterwood,wet burn,NA
47.4,torching_index,km/hour,22,thinburn,hood,ponderosa,interior_pnw,spring,shelterwood,dry burn,NA
74.3,crowning_index,km/hour,22,control,hood,ponderosa,interior_pnw,NA,commercial,NA,NA
93.9,crowning_index,km/hour,22,thin,hood,ponderosa,interior_pnw,NA,commercial,NA,NA
90.6,crowning_index,km/hour,22,thinburn,hood,ponderosa,interior_pnw,spring,commercial,NA,NA
91.4,crowning_index,km/hour,22,thinburn,hood,ponderosa,interior_pnw,fall,commercial,NA,NA
58,crowning_index,km/hour,22,control,hood,ponderosa,interior_pnw,NA,NA,NA,NA
58.8,crowning_index,km/hour,22,thin,hood,ponderosa,interior_pnw,NA,NA,NA,NA
91.4,crowning_index,km/hour,22,thinburn,hood,ponderosa,interior_pnw,spring,shelterwood,wet burn,NA
93.9,crowning_index,km/hour,22,thinburn,hood,ponderosa,interior_pnw,spring,shelterwood,dry burn,NA
0.68,canopy_fuel,kg/m2,22,control,hood,ponderosa,interior_pnw,NA,commercial,NA,NA
0.49,canopy_fuel,kg/m2,22,thin,hood,ponderosa,interior_pnw,NA,commercial,NA,NA
0.51,canopy_fuel,kg/m2,22,thinburn,hood,ponderosa,interior_pnw,spring,commercial,NA,NA
0.47,canopy_fuel,kg/m2,22,thinburn,hood,ponderosa,interior_pnw,fall,commercial,NA,NA
0.57,canopy_fuel,kg/m2,22,control,hood,ponderosa,interior_pnw,NA,NA,NA,NA
0.44,canopy_fuel,kg/m2,22,thin,hood,ponderosa,interior_pnw,NA,NA,NA,NA
0.24,canopy_fuel,kg/m2,22,thinburn,hood,ponderosa,interior_pnw,spring,shelterwood,wet burn,NA
0.25,canopy_fuel,kg/m2,22,thinburn,hood,ponderosa,interior_pnw,spring,shelterwood,dry burn,NA
0.059,canopy_bulk_density,kg/m3,22,control,hood,ponderosa,interior_pnw,NA,commercial,NA,NA
0.039,canopy_bulk_density,kg/m3,22,thin,hood,ponderosa,interior_pnw,NA,commercial,NA,NA
0.041,canopy_bulk_density,kg/m3,22,thinburn,hood,ponderosa,interior_pnw,spring,commercial,NA,NA
0.041,canopy_bulk_density,kg/m3,22,thinburn,hood,ponderosa,interior_pnw,fall,commercial,NA,NA
0.019,canopy_bulk_density,kg/m3,22,control,hood,ponderosa,interior_pnw,NA,NA,NA,NA
0.025,canopy_bulk_density,kg/m3,22,thin,hood,ponderosa,interior_pnw,NA,NA,NA,NA
0.011,canopy_bulk_density,kg/m3,22,thinburn,hood,ponderosa,interior_pnw,spring,shelterwood,wet burn,NA
0.011,canopy_bulk_density,kg/m3,22,thinburn,hood,ponderosa,interior_pnw,spring,shelterwood,dry burn,NA
3.55,canopy_base_height,meters,22,control,hood,ponderosa,interior_pnw,NA,commercial,NA,NA
3.16,canopy_base_height,meters,22,thin,hood,ponderosa,interior_pnw,NA,commercial,NA,NA
3.16,canopy_base_height,meters,22,thinburn,hood,ponderosa,interior_pnw,spring,commercial,NA,NA
4.08,canopy_base_height,meters,22,thinburn,hood,ponderosa,interior_pnw,fall,commercial,NA,NA
1.05,canopy_base_height,meters,22,control,hood,ponderosa,interior_pnw,NA,NA,NA,NA
0.79,canopy_base_height,meters,22,thin,hood,ponderosa,interior_pnw,NA,NA,NA,NA
1.71,canopy_base_height,meters,22,thinburn,hood,ponderosa,interior_pnw,spring,shelterwood,wet burn,NA
1.84,canopy_base_height,meters,22,thinburn,hood,ponderosa,interior_pnw,spring,shelterwood,dry burn,NA
23.51,stand_height,meters,22,control,hood,ponderosa,interior_pnw,NA,commercial,NA,NA
23.25,stand_height,meters,22,thin,hood,ponderosa,interior_pnw,NA,commercial,NA,NA
22.99,stand_height,meters,22,thinburn,hood,ponderosa,interior_pnw,spring,commercial,NA,NA
23.77,stand_height,meters,22,thinburn,hood,ponderosa,interior_pnw,fall,commercial,NA,NA
24.03,stand_height,meters,22,control,hood,ponderosa,interior_pnw,NA,NA,NA,NA
22.47,stand_height,meters,22,thin,hood,ponderosa,interior_pnw,NA,NA,NA,NA
22.73,stand_height,meters,22,thinburn,hood,ponderosa,interior_pnw,spring,shelterwood,wet burn,NA
21.95,stand_height,meters,22,thinburn,hood,ponderosa,interior_pnw,spring,shelterwood,dry burn,NA
23.9,all_woody,Mg/ha,0,control,morici,ponderosa,interior_pnw,NA,NA,NA,NA
19.3,all_woody,Mg/ha,6,control,morici,ponderosa,interior_pnw,NA,NA,NA,NA
25,all_woody,Mg/ha,17,control,morici,ponderosa,interior_pnw,NA,NA,NA,NA
17.1,cwd,Mg/ha,0,control,morici,ponderosa,interior_pnw,NA,NA,NA,NA
15.3,cwd,Mg/ha,6,control,morici,ponderosa,interior_pnw,NA,NA,NA,NA
19.9,cwd,Mg/ha,17,control,morici,ponderosa,interior_pnw,NA,NA,NA,NA
10,cwd_sound,Mg/ha,0,control,morici,ponderosa,interior_pnw,NA,NA,NA,NA
8.4,cwd_sound,Mg/ha,6,control,morici,ponderosa,interior_pnw,NA,NA,NA,NA
3.7,cwd_sound,Mg/ha,17,control,morici,ponderosa,interior_pnw,NA,NA,NA,NA
7.4,cwd_rotten,Mg/ha,0,control,morici,ponderosa,interior_pnw,NA,NA,NA,NA
6.9,cwd_rotten,Mg/ha,6,control,morici,ponderosa,interior_pnw,NA,NA,NA,NA
16.4,cwd_rotten,Mg/ha,17,control,morici,ponderosa,interior_pnw,NA,NA,NA,NA
6.7,fwd,Mg/ha,0,control,morici,ponderosa,interior_pnw,NA,NA,NA,NA
3.9,fwd,Mg/ha,6,control,morici,ponderosa,interior_pnw,NA,NA,NA,NA
4.8,fwd,Mg/ha,17,control,morici,ponderosa,interior_pnw,NA,NA,NA,NA
4.4,hundred_hour,Mg/ha,0,control,morici,ponderosa,interior_pnw,NA,NA,NA,NA
3.1,hundred_hour,Mg/ha,6,control,morici,ponderosa,interior_pnw,NA,NA,NA,NA
3.2,hundred_hour,Mg/ha,17,control,morici,ponderosa,interior_pnw,NA,NA,NA,NA
1.96,ten_hour,Mg/ha,0,control,morici,ponderosa,interior_pnw,NA,NA,NA,NA
0.76,ten_hour,Mg/ha,6,control,morici,ponderosa,interior_pnw,NA,NA,NA,NA
1.31,ten_hour,Mg/ha,17,control,morici,ponderosa,interior_pnw,NA,NA,NA,NA
0.27,one_hour,Mg/ha,0,control,morici,ponderosa,interior_pnw,NA,NA,NA,NA
0.05,one_hour,Mg/ha,6,control,morici,ponderosa,interior_pnw,NA,NA,NA,NA
0.27,one_hour,Mg/ha,17,control,morici,ponderosa,interior_pnw,NA,NA,NA,NA
10.02,all_woody,Mg/ha,0,burn,morici,ponderosa,interior_pnw,fall,NA,NA,NA
4.14,all_woody,Mg/ha,4,burn,morici,ponderosa,interior_pnw,fall,NA,NA,NA
8.82,all_woody,Mg/ha,15,burn,morici,ponderosa,interior_pnw,fall,NA,NA,NA
7.52,cwd,Mg/ha,0,burn,morici,ponderosa,interior_pnw,fall,NA,NA,NA
2.45,cwd,Mg/ha,4,burn,morici,ponderosa,interior_pnw,fall,NA,NA,NA
6.75,cwd,Mg/ha,15,burn,morici,ponderosa,interior_pnw,fall,NA,NA,NA
5.07,cwd_rotten,Mg/ha,0,burn,morici,ponderosa,interior_pnw,fall,NA,NA,NA
0.44,cwd_rotten,Mg/ha,4,burn,morici,ponderosa,interior_pnw,fall,NA,NA,NA
4.08,cwd_rotten,Mg/ha,15,burn,morici,ponderosa,interior_pnw,fall,NA,NA,NA
2.61,fwd,Mg/ha,0,burn,morici,ponderosa,interior_pnw,fall,NA,NA,NA
1.63,fwd,Mg/ha,4,burn,morici,ponderosa,interior_pnw,fall,NA,NA,NA
2.07,fwd,Mg/ha,15,burn,morici,ponderosa,interior_pnw,fall,NA,NA,NA
2.4,cwd_sound,Mg/ha,0,burn,morici,ponderosa,interior_pnw,fall,NA,NA,NA
2.07,cwd_sound,Mg/ha,4,burn,morici,ponderosa,interior_pnw,fall,NA,NA,NA
2.61,cwd_sound,Mg/ha,15,burn,morici,ponderosa,interior_pnw,fall,NA,NA,NA
1.91,hundred_hour,Mg/ha,0,burn,morici,ponderosa,interior_pnw,fall,NA,NA,NA
1.09,hundred_hour,Mg/ha,4,burn,morici,ponderosa,interior_pnw,fall,NA,NA,NA
1.2,hundred_hour,Mg/ha,15,burn,morici,ponderosa,interior_pnw,fall,NA,NA,NA
0.6,ten_hour,Mg/ha,0,burn,morici,ponderosa,interior_pnw,fall,NA,NA,NA
0.38,ten_hour,Mg/ha,4,burn,morici,ponderosa,interior_pnw,fall,NA,NA,NA
0.76,ten_hour,Mg/ha,15,burn,morici,ponderosa,interior_pnw,fall,NA,NA,NA
0.05,one_hour,Mg/ha,0,burn,morici,ponderosa,interior_pnw,fall,NA,NA,NA
0,one_hour,Mg/ha,4,burn,morici,ponderosa,interior_pnw,fall,NA,NA,NA
0.11,one_hour,Mg/ha,15,burn,morici,ponderosa,interior_pnw,fall,NA,NA,NA
14.14,all_woody,Mg/ha,0,thin,morici,ponderosa,interior_pnw,NA,below,NA,NA
14.38,all_woody,Mg/ha,6,thin,morici,ponderosa,interior_pnw,NA,below,NA,NA
15.39,all_woody,Mg/ha,17,thin,morici,ponderosa,interior_pnw,NA,below,NA,NA
9.84,cwd,Mg/ha,0,thin,morici,ponderosa,interior_pnw,NA,below,NA,NA
8.41,cwd,Mg/ha,6,thin,morici,ponderosa,interior_pnw,NA,below,NA,NA
11.87,cwd,Mg/ha,17,thin,morici,ponderosa,interior_pnw,NA,below,NA,NA
5.55,cwd_rotten,Mg/ha,0,thin,morici,ponderosa,interior_pnw,NA,below,NA,NA
3.34,cwd_rotten,Mg/ha,6,thin,morici,ponderosa,interior_pnw,NA,below,NA,NA
8.35,cwd_rotten,Mg/ha,17,thin,morici,ponderosa,interior_pnw,NA,below,NA,NA
4.42,cwd_sound,Mg/ha,0,thin,morici,ponderosa,interior_pnw,NA,below,NA,NA
5.25,cwd_sound,Mg/ha,6,thin,morici,ponderosa,interior_pnw,NA,below,NA,NA
3.7,cwd_sound,Mg/ha,17,thin,morici,ponderosa,interior_pnw,NA,below,NA,NA
4.12,fwd,Mg/ha,0,thin,morici,ponderosa,interior_pnw,NA,below,NA,NA
5.91,fwd,Mg/ha,6,thin,morici,ponderosa,interior_pnw,NA,below,NA,NA
3.34,fwd,Mg/ha,17,thin,morici,ponderosa,interior_pnw,NA,below,NA,NA
2.74,hundred_hour,Mg/ha,0,thin,morici,ponderosa,interior_pnw,NA,below,NA,NA
4.12,hundred_hour,Mg/ha,6,thin,morici,ponderosa,interior_pnw,NA,below,NA,NA
2.39,hundred_hour,Mg/ha,17,thin,morici,ponderosa,interior_pnw,NA,below,NA,NA
1.25,ten_hour,Mg/ha,0,thin,morici,ponderosa,interior_pnw,NA,below,NA,NA
1.61,ten_hour,Mg/ha,6,thin,morici,ponderosa,interior_pnw,NA,below,NA,NA
0.84,ten_hour,Mg/ha,17,thin,morici,ponderosa,interior_pnw,NA,below,NA,NA
0.24,one_hour,Mg/ha,0,thin,morici,ponderosa,interior_pnw,NA,below,NA,NA
0.12,one_hour,Mg/ha,6,thin,morici,ponderosa,interior_pnw,NA,below,NA,NA
0.06,one_hour,Mg/ha,17,thin,morici,ponderosa,interior_pnw,NA,below,NA,NA
14.08,all_woody,Mg/ha,0,thinburn,morici,ponderosa,interior_pnw,fall,below,NA,NA
7.4,all_woody,Mg/ha,1,thinburn,morici,ponderosa,interior_pnw,fall,below,NA,NA
10.8,all_woody,Mg/ha,4,thinburn,morici,ponderosa,interior_pnw,fall,below,NA,NA
10.62,cwd,Mg/ha,15,thinburn,morici,ponderosa,interior_pnw,fall,below,NA,NA
4.47,cwd,Mg/ha,0,thinburn,morici,ponderosa,interior_pnw,fall,below,NA,NA
8.65,cwd,Mg/ha,1,thinburn,morici,ponderosa,interior_pnw,fall,below,NA,NA
5.85,cwd_rotten,Mg/ha,4,thinburn,morici,ponderosa,interior_pnw,fall,below,NA,NA
0.66,cwd_rotten,Mg/ha,15,thinburn,morici,ponderosa,interior_pnw,fall,below,NA,NA
3.16,cwd_rotten,Mg/ha,0,thinburn,morici,ponderosa,interior_pnw,fall,below,NA,NA
4.59,cwd_sound,Mg/ha,1,thinburn,morici,ponderosa,interior_pnw,fall,below,NA,NA
3.82,cwd_sound,Mg/ha,4,thinburn,morici,ponderosa,interior_pnw,fall,below,NA,NA
5.31,cwd_sound,Mg/ha,15,thinburn,morici,ponderosa,interior_pnw,fall,below,NA,NA
3.58,fwd,Mg/ha,0,thinburn,morici,ponderosa,interior_pnw,fall,below,NA,NA
2.92,fwd,Mg/ha,1,thinburn,morici,ponderosa,interior_pnw,fall,below,NA,NA
2.15,fwd,Mg/ha,4,thinburn,morici,ponderosa,interior_pnw,fall,below,NA,NA
2.45,hundred_hour,Mg/ha,15,thinburn,morici,ponderosa,interior_pnw,fall,below,NA,NA
2.09,hundred_hour,Mg/ha,0,thinburn,morici,ponderosa,interior_pnw,fall,below,NA,NA
1.55,hundred_hour,Mg/ha,1,thinburn,morici,ponderosa,interior_pnw,fall,below,NA,NA
0.89,ten_hour,Mg/ha,4,thinburn,morici,ponderosa,interior_pnw,fall,below,NA,NA
0.66,ten_hour,Mg/ha,15,thinburn,morici,ponderosa,interior_pnw,fall,below,NA,NA
0.54,ten_hour,Mg/ha,0,thinburn,morici,ponderosa,interior_pnw,fall,below,NA,NA
0.18,one_hour,Mg/ha,1,thinburn,morici,ponderosa,interior_pnw,fall,below,NA,NA
0.12,one_hour,Mg/ha,4,thinburn,morici,ponderosa,interior_pnw,fall,below,NA,NA
0.06,one_hour,Mg/ha,15,thinburn,morici,ponderosa,interior_pnw,fall,below,NA,NA
15.5,basal_area,m2/ha,0,burn,morici,ponderosa,interior_pnw,fall,NA,NA,NA
15.5,basal_area,m2/ha,1,burn,morici,ponderosa,interior_pnw,fall,NA,NA,NA
17,basal_area,m2/ha,4,burn,morici,ponderosa,interior_pnw,fall,NA,NA,NA
21.5,basal_area,m2/ha,15,burn,morici,ponderosa,interior_pnw,fall,NA,NA,NA
19.5,basal_area,m2/ha,0,control,morici,ponderosa,interior_pnw,NA,NA,NA,NA
21.17,basal_area,m2/ha,3,control,morici,ponderosa,interior_pnw,NA,NA,NA,NA
23.17,basal_area,m2/ha,6,control,morici,ponderosa,interior_pnw,NA,NA,NA,NA
31.5,basal_area,m2/ha,17,control,morici,ponderosa,interior_pnw,NA,NA,NA,NA
21.67,basal_area,m2/ha,0,thin,morici,ponderosa,interior_pnw,NA,below,NA,NA
14.83,basal_area,m2/ha,3,thin,morici,ponderosa,interior_pnw,NA,below,NA,NA
17,basal_area,m2/ha,6,thin,morici,ponderosa,interior_pnw,NA,below,NA,NA
23.83,basal_area,m2/ha,17,thin,morici,ponderosa,interior_pnw,NA,below,NA,NA
16.37,basal_area,m2/ha,0,thinburn,morici,ponderosa,interior_pnw,fall,below,NA,NA
10.67,basal_area,m2/ha,1,thinburn,morici,ponderosa,interior_pnw,fall,below,NA,NA
10.98,basal_area,m2/ha,4,thinburn,morici,ponderosa,interior_pnw,fall,below,NA,NA
15.03,basal_area,m2/ha,15,thinburn,morici,ponderosa,interior_pnw,fall,below,NA,NA
293.85,density,trees/ha,0,burn,morici,ponderosa,interior_pnw,fall,NA,NA,NA
262.09,density,trees/ha,1,burn,morici,ponderosa,interior_pnw,fall,NA,NA,NA
257.59,density,trees/ha,4,burn,morici,ponderosa,interior_pnw,fall,NA,NA,NA
266.61,density,trees/ha,15,burn,morici,ponderosa,interior_pnw,fall,NA,NA,NA
372.41,density,trees/ha,0,control,morici,ponderosa,interior_pnw,NA,NA,NA,NA
425.82,density,trees/ha,3,control,morici,ponderosa,interior_pnw,NA,NA,NA,NA
534.39,density,trees/ha,6,control,morici,ponderosa,interior_pnw,NA,NA,NA,NA
1057.45,density,trees/ha,17,control,morici,ponderosa,interior_pnw,NA,NA,NA,NA
684.98,density,trees/ha,0,thin,morici,ponderosa,interior_pnw,NA,below,NA,NA
449.96,density,trees/ha,3,thin,morici,ponderosa,interior_pnw,NA,below,NA,NA
488.64,density,trees/ha,6,thin,morici,ponderosa,interior_pnw,NA,below,NA,NA
650.87,density,trees/ha,17,thin,morici,ponderosa,interior_pnw,NA,below,NA,NA
405.54,density,trees/ha,0,thinburn,morici,ponderosa,interior_pnw,fall,below,NA,NA
181.09,density,trees/ha,1,thinburn,morici,ponderosa,interior_pnw,fall,below,NA,NA
167.51,density,trees/ha,4,thinburn,morici,ponderosa,interior_pnw,fall,below,NA,NA
181.38,density,trees/ha,15,thinburn,morici,ponderosa,interior_pnw,fall,below,NA,NA
214.91,sapling_density,saps/ha,0,burn,morici,ponderosa,interior_pnw,fall,NA,NA,NA
255.67,sapling_density,saps/ha,1,burn,morici,ponderosa,interior_pnw,fall,NA,NA,NA
235.18,sapling_density,saps/ha,4,burn,morici,ponderosa,interior_pnw,fall,NA,NA,NA
113.78,sapling_density,saps/ha,17,burn,morici,ponderosa,interior_pnw,fall,NA,NA,NA
721.37,sapling_density,saps/ha,0,control,morici,ponderosa,interior_pnw,NA,NA,NA,NA
1017.65,sapling_density,saps/ha,3,control,morici,ponderosa,interior_pnw,NA,NA,NA,NA
1476.63,sapling_density,saps/ha,6,control,morici,ponderosa,interior_pnw,NA,NA,NA,NA
3962.83,sapling_density,saps/ha,17,control,morici,ponderosa,interior_pnw,NA,NA,NA,NA
1078.39,sapling_density,saps/ha,0,thin,morici,ponderosa,interior_pnw,NA,below,NA,NA
923.06,sapling_density,saps/ha,3,thin,morici,ponderosa,interior_pnw,NA,below,NA,NA
909.47,sapling_density,saps/ha,6,thin,morici,ponderosa,interior_pnw,NA,below,NA,NA
1443.33,sapling_density,saps/ha,17,thin,morici,ponderosa,interior_pnw,NA,below,NA,NA
265.92,sapling_density,saps/ha,0,thinburn,morici,ponderosa,interior_pnw,fall,below,NA,NA
118.19,sapling_density,saps/ha,1,thinburn,morici,ponderosa,interior_pnw,fall,below,NA,NA
30.85,sapling_density,saps/ha,4,thinburn,morici,ponderosa,interior_pnw,fall,below,NA,NA
8,sapling_density,saps/ha,15,thinburn,morici,ponderosa,interior_pnw,fall,below,NA,NA
56.18,seedling_density,seedlings/ha,0,burn,morici,ponderosa,interior_pnw,fall,NA,NA,NA
168.54,seedling_density,seedlings/ha,1,burn,morici,ponderosa,interior_pnw,fall,NA,NA,NA
112.36,seedling_density,seedlings/ha,4,burn,morici,ponderosa,interior_pnw,fall,NA,NA,NA
56.18,seedling_density,seedlings/ha,15,burn,morici,ponderosa,interior_pnw,fall,NA,NA,NA
1787.71,seedling_density,seedlings/ha,0,control,morici,ponderosa,interior_pnw,NA,NA,NA,NA
10111.73,seedling_density,seedlings/ha,3,control,morici,ponderosa,interior_pnw,NA,NA,NA,NA
6675.98,seedling_density,seedlings/ha,6,control,morici,ponderosa,interior_pnw,NA,NA,NA,NA
5642.46,seedling_density,seedlings/ha,17,control,morici,ponderosa,interior_pnw,NA,NA,NA,NA
1546.96,seedling_density,seedlings/ha,0,thin,morici,ponderosa,interior_pnw,NA,below,NA,NA
4751.38,seedling_density,seedlings/ha,3,thin,morici,ponderosa,interior_pnw,NA,below,NA,NA
3922.65,seedling_density,seedlings/ha,6,thin,morici,ponderosa,interior_pnw,NA,below,NA,NA
5303.87,seedling_density,seedlings/ha,17,thin,morici,ponderosa,interior_pnw,NA,below,NA,NA
359.12,seedling_density,seedlings/ha,0,thinburn,morici,ponderosa,interior_pnw,fall,below,NA,NA
469.61,seedling_density,seedlings/ha,1,thinburn,morici,ponderosa,interior_pnw,fall,below,NA,NA
165.75,seedling_density,seedlings/ha,4,thinburn,morici,ponderosa,interior_pnw,fall,below,NA,NA
3204.42,seedling_density,seedlings/ha,15,thinburn,morici,ponderosa,interior_pnw,fall,below,NA,NA
322,density,trees/ha,1,control+beetle,crotteau,ponderosa,interior_pnw,NA,NA,NA,NA
304,density,trees/ha,1,burn+beetle,crotteau,ponderosa,interior_pnw,spring,NA,NA,NA
111,density,trees/ha,1,thin+beetle,crotteau,ponderosa,interior_pnw,NA,below,NA,NA
94,density,trees/ha,1,thinburn+beetle,crotteau,ponderosa,interior_pnw,spring,below,NA,NA
323,density,trees/ha,17,control+beetle,crotteau,ponderosa,interior_pnw,NA,NA,NA,NA
291,density,trees/ha,14,burn+beetle,crotteau,ponderosa,interior_pnw,spring,NA,NA,NA
188,density,trees/ha,15,thin+beetle,crotteau,ponderosa,interior_pnw,NA,below,NA,NA
99,density,trees/ha,14,thinburn+beetle,crotteau,ponderosa,interior_pnw,spring,below,NA,NA
23.1,basal_area,m2/ha,1,control+beetle,crotteau,ponderosa,interior_pnw,NA,NA,NA,NA
20.8,basal_area,m2/ha,1,burn+beetle,crotteau,ponderosa,interior_pnw,spring,NA,NA,NA
9.7,basal_area,m2/ha,1,thin+beetle,crotteau,ponderosa,interior_pnw,NA,below,NA,NA
8.8,basal_area,m2/ha,1,thinburn+beetle,crotteau,ponderosa,interior_pnw,spring,below,NA,NA
17.8,basal_area,m2/ha,17,control+beetle,crotteau,ponderosa,interior_pnw,NA,NA,NA,NA
17.5,basal_area,m2/ha,14,burn+beetle,crotteau,ponderosa,interior_pnw,spring,NA,NA,NA
14.9,basal_area,m2/ha,15,thin+beetle,crotteau,ponderosa,interior_pnw,NA,below,NA,NA
10.9,basal_area,m2/ha,14,thinburn+beetle,crotteau,ponderosa,interior_pnw,spring,below,NA,NA
31.1,qmd,centimeters,1,control+beetle,crotteau,ponderosa,interior_pnw,NA,NA,NA,NA
31.2,qmd,centimeters,1,burn+beetle,crotteau,ponderosa,interior_pnw,spring,NA,NA,NA
33.4,qmd,centimeters,1,thin+beetle,crotteau,ponderosa,interior_pnw,NA,below,NA,NA
33.4,qmd,centimeters,1,thinburn+beetle,crotteau,ponderosa,interior_pnw,spring,below,NA,NA
26.7,qmd,centimeters,17,control+beetle,crotteau,ponderosa,interior_pnw,NA,NA,NA,NA
28,qmd,centimeters,14,burn+beetle,crotteau,ponderosa,interior_pnw,spring,NA,NA,NA
33.4,qmd,centimeters,15,thin+beetle,crotteau,ponderosa,interior_pnw,NA,below,NA,NA
33,qmd,centimeters,14,thinburn+beetle,crotteau,ponderosa,interior_pnw,spring,below,NA,NA
5.02,fwd,Mg/ha,1,control+beetle,crotteau,ponderosa,interior_pnw,NA,NA,NA,NA
10.34,fwd,Mg/ha,17,control+beetle,crotteau,ponderosa,interior_pnw,NA,NA,NA,NA
1.93,fwd,Mg/ha,1,burn+beetle,crotteau,ponderosa,interior_pnw,spring,NA,NA,NA
9.28,fwd,Mg/ha,14,burn+beetle,crotteau,ponderosa,interior_pnw,spring,NA,NA,NA
18.36,fwd,Mg/ha,1,thin+beetle,crotteau,ponderosa,interior_pnw,NA,below,NA,NA
6.96,fwd,Mg/ha,15,thin+beetle,crotteau,ponderosa,interior_pnw,NA,below,NA,NA
6.76,fwd,Mg/ha,1,thinburn+beetle,crotteau,ponderosa,interior_pnw,spring,below,NA,NA
5.7,fwd,Mg/ha,14,thinburn+beetle,crotteau,ponderosa,interior_pnw,spring,below,NA,NA
8.53,cwd,Mg/ha,1,control+beetle,crotteau,ponderosa,interior_pnw,NA,NA,NA,NA
25.59,cwd,Mg/ha,17,control+beetle,crotteau,ponderosa,interior_pnw,NA,NA,NA,NA
2.27,cwd,Mg/ha,1,burn+beetle,crotteau,ponderosa,interior_pnw,spring,NA,NA,NA
14.41,cwd,Mg/ha,14,burn+beetle,crotteau,ponderosa,interior_pnw,spring,NA,NA,NA
5.69,cwd,Mg/ha,1,thin+beetle,crotteau,ponderosa,interior_pnw,NA,below,NA,NA
1.52,cwd,Mg/ha,15,thin+beetle,crotteau,ponderosa,interior_pnw,NA,below,NA,NA
4.93,cwd,Mg/ha,1,thinburn+beetle,crotteau,ponderosa,interior_pnw,spring,below,NA,NA
4.36,cwd,Mg/ha,14,thinburn+beetle,crotteau,ponderosa,interior_pnw,spring,below,NA,NA
31.28,litterduff,Mg/ha,1,control+beetle,crotteau,ponderosa,interior_pnw,NA,NA,NA,NA
22.75,litterduff,Mg/ha,17,control+beetle,crotteau,ponderosa,interior_pnw,NA,NA,NA,NA
9.67,litterduff,Mg/ha,1,burn+beetle,crotteau,ponderosa,interior_pnw,spring,NA,NA,NA
22.94,litterduff,Mg/ha,14,burn+beetle,crotteau,ponderosa,interior_pnw,spring,NA,NA,NA
21.23,litterduff,Mg/ha,1,thin+beetle,crotteau,ponderosa,interior_pnw,NA,below,NA,NA
21.04,litterduff,Mg/ha,15,thin+beetle,crotteau,ponderosa,interior_pnw,NA,below,NA,NA
12.32,litterduff,Mg/ha,1,thinburn+beetle,crotteau,ponderosa,interior_pnw,spring,below,NA,NA
22.37,litterduff,Mg/ha,14,thinburn+beetle,crotteau,ponderosa,interior_pnw,spring,below,NA,NA
34.69,canopy_fuel,Mg/ha,1,control+beetle,crotteau,ponderosa,interior_pnw,NA,NA,NA,NA
27.11,canopy_fuel,Mg/ha,17,control+beetle,crotteau,ponderosa,interior_pnw,NA,NA,NA,NA
30.71,canopy_fuel,Mg/ha,1,burn+beetle,crotteau,ponderosa,interior_pnw,spring,NA,NA,NA
23.89,canopy_fuel,Mg/ha,14,burn+beetle,crotteau,ponderosa,interior_pnw,spring,NA,NA,NA
14.98,canopy_fuel,Mg/ha,1,thin+beetle,crotteau,ponderosa,interior_pnw,NA,below,NA,NA
24.45,canopy_fuel,Mg/ha,15,thin+beetle,crotteau,ponderosa,interior_pnw,NA,below,NA,NA
12.13,canopy_fuel,Mg/ha,1,thinburn+beetle,crotteau,ponderosa,interior_pnw,spring,below,NA,NA
15.55,canopy_fuel,Mg/ha,14,thinburn+beetle,crotteau,ponderosa,interior_pnw,spring,below,NA,NA
2.84,canopy_base_height,meters,1,control+beetle,crotteau,ponderosa,interior_pnw,NA,NA,NA,NA
2.48,canopy_base_height,meters,17,control+beetle,crotteau,ponderosa,interior_pnw,NA,NA,NA,NA
3.24,canopy_base_height,meters,1,burn+beetle,crotteau,ponderosa,interior_pnw,spring,NA,NA,NA
3.8,canopy_base_height,meters,14,burn+beetle,crotteau,ponderosa,interior_pnw,spring,NA,NA,NA
6.08,canopy_base_height,meters,1,thin+beetle,crotteau,ponderosa,interior_pnw,NA,below,NA,NA
3.9,canopy_base_height,meters,15,thin+beetle,crotteau,ponderosa,interior_pnw,NA,below,NA,NA
8.15,canopy_base_height,meters,1,thinburn+beetle,crotteau,ponderosa,interior_pnw,spring,below,NA,NA
7.9,canopy_base_height,meters,14,thinburn+beetle,crotteau,ponderosa,interior_pnw,spring,below,NA,NA
0.093,canopy_bulk_density,kg/m3,1,control+beetle,crotteau,ponderosa,interior_pnw,NA,NA,NA,NA
0.087,canopy_bulk_density,kg/m3,17,control+beetle,crotteau,ponderosa,interior_pnw,NA,NA,NA,NA
0.086,canopy_bulk_density,kg/m3,1,burn+beetle,crotteau,ponderosa,interior_pnw,spring,NA,NA,NA
0.068,canopy_bulk_density,kg/m3,14,burn+beetle,crotteau,ponderosa,interior_pnw,spring,NA,NA,NA
0.043,canopy_bulk_density,kg/m3,1,thin+beetle,crotteau,ponderosa,interior_pnw,NA,below,NA,NA
0.056,canopy_bulk_density,kg/m3,15,thin+beetle,crotteau,ponderosa,interior_pnw,NA,below,NA,NA
0.038,canopy_bulk_density,kg/m3,1,thinburn+beetle,crotteau,ponderosa,interior_pnw,spring,below,NA,NA
0.042,canopy_bulk_density,kg/m3,14,thinburn+beetle,crotteau,ponderosa,interior_pnw,spring,below,NA,NA
29.5,torching_probability,percent,1,control+beetle,crotteau,ponderosa,interior_pnw,NA,NA,NA,NA
50.5,torching_probability,percent,17,control+beetle,crotteau,ponderosa,interior_pnw,NA,NA,NA,NA
15.5,torching_probability,percent,1,burn+beetle,crotteau,ponderosa,interior_pnw,spring,NA,NA,NA
48.4,torching_probability,percent,14,burn+beetle,crotteau,ponderosa,interior_pnw,spring,NA,NA,NA
24.5,torching_probability,percent,1,thin+beetle,crotteau,ponderosa,interior_pnw,NA,below,NA,NA
28.2,torching_probability,percent,15,thin+beetle,crotteau,ponderosa,interior_pnw,NA,below,NA,NA
4.2,torching_probability,percent,1,thinburn+beetle,crotteau,ponderosa,interior_pnw,spring,below,NA,NA
17.4,torching_probability,percent,14,thinburn+beetle,crotteau,ponderosa,interior_pnw,spring,below,NA,NA
43.3,crowning_index,km/hour,1,control+beetle,crotteau,ponderosa,interior_pnw,NA,NA,NA,NA
48.7,crowning_index,km/hour,17,control+beetle,crotteau,ponderosa,interior_pnw,NA,NA,NA,NA
48.7,crowning_index,km/hour,1,burn+beetle,crotteau,ponderosa,interior_pnw,spring,NA,NA,NA
60.5,crowning_index,km/hour,14,burn+beetle,crotteau,ponderosa,interior_pnw,spring,NA,NA,NA
84.8,crowning_index,km/hour,1,thin+beetle,crotteau,ponderosa,interior_pnw,NA,below,NA,NA
63.6,crowning_index,km/hour,15,thin+beetle,crotteau,ponderosa,interior_pnw,NA,below,NA,NA
91.1,crowning_index,km/hour,1,thinburn+beetle,crotteau,ponderosa,interior_pnw,spring,below,NA,NA
92.5,crowning_index,km/hour,14,thinburn+beetle,crotteau,ponderosa,interior_pnw,spring,below,NA,NA
480.0,density,trees/ha,0,control,stephens,mixed_conifer,sierra_nevada,NA,NA,NA,NA
472.0,density,trees/ha,1,control,stephens,mixed_conifer,sierra_nevada,NA,NA,NA,NA
470.0,density,trees/ha,7,control,stephens,mixed_conifer,sierra_nevada,NA,NA,NA,NA
415.0,density,trees/ha,0,burn,stephens,mixed_conifer,sierra_nevada,fall,NA,NA,NA
386.0,density,trees/ha,1,burn,stephens,mixed_conifer,sierra_nevada,fall,NA,NA,NA
313.0,density,trees/ha,7,burn,stephens,mixed_conifer,sierra_nevada,fall,NA,NA,NA
411.0,density,trees/ha,0,thin,stephens,mixed_conifer,sierra_nevada,NA,two_stage,NA,NA
252.0,density,trees/ha,1,thin,stephens,mixed_conifer,sierra_nevada,NA,two_stage,NA,NA
252,density,trees/ha,7,thin,stephens,mixed_conifer,sierra_nevada,NA,two_stage,NA,NA
415,density,trees/ha,0,thinburn,stephens,mixed_conifer,sierra_nevada,fall,two_stage,NA,NA
236,density,trees/ha,1,thinburn,stephens,mixed_conifer,sierra_nevada,fall,two_stage,NA,NA
224,density,trees/ha,7,thinburn,stephens,mixed_conifer,sierra_nevada,fall,two_stage,NA,NA
70,canopy_cover,percent,0,control,stephens,mixed_conifer,sierra_nevada,NA,NA,NA,NA
75,canopy_cover,percent,1,control,stephens,mixed_conifer,sierra_nevada,NA,NA,NA,NA
79,canopy_cover,percent,7,control,stephens,mixed_conifer,sierra_nevada,NA,NA,NA,NA
69,canopy_cover,percent,0,burn,stephens,mixed_conifer,sierra_nevada,fall,NA,NA,NA
65,canopy_cover,percent,1,burn,stephens,mixed_conifer,sierra_nevada,fall,NA,NA,NA
66,canopy_cover,percent,7,burn,stephens,mixed_conifer,sierra_nevada,fall,NA,NA,NA
66,canopy_cover,percent,0,thin,stephens,mixed_conifer,sierra_nevada,NA,two_stage,NA,NA
58,canopy_cover,percent,1,thin,stephens,mixed_conifer,sierra_nevada,NA,two_stage,NA,NA
70,canopy_cover,percent,7,thin,stephens,mixed_conifer,sierra_nevada,NA,two_stage,NA,NA
63,canopy_cover,percent,0,thinburn,stephens,mixed_conifer,sierra_nevada,fall,two_stage,NA,NA
51,canopy_cover,percent,1,thinburn,stephens,mixed_conifer,sierra_nevada,fall,two_stage,NA,NA
55,canopy_cover,percent,7,thinburn,stephens,mixed_conifer,sierra_nevada,fall,two_stage,NA,NA
54.3,basal_area,m2/ha,0,control,stephens,mixed_conifer,sierra_nevada,NA,NA,NA,NA
55.8,basal_area,m2/ha,1,control,stephens,mixed_conifer,sierra_nevada,NA,NA,NA,NA
61,basal_area,m2/ha,7,control,stephens,mixed_conifer,sierra_nevada,NA,NA,NA,NA
48.3,basal_area,m2/ha,0,burn,stephens,mixed_conifer,sierra_nevada,fall,NA,NA,NA
47.5,basal_area,m2/ha,1,burn,stephens,mixed_conifer,sierra_nevada,fall,NA,NA,NA
47.5,basal_area,m2/ha,7,burn,stephens,mixed_conifer,sierra_nevada,fall,NA,NA,NA
50.6,basal_area,m2/ha,0,thin,stephens,mixed_conifer,sierra_nevada,NA,two_stage,NA,NA
40.2,basal_area,m2/ha,1,thin,stephens,mixed_conifer,sierra_nevada,NA,two_stage,NA,NA
46.4,basal_area,m2/ha,7,thin,stephens,mixed_conifer,sierra_nevada,NA,two_stage,NA,NA
54.3,basal_area,m2/ha,0,thinburn,stephens,mixed_conifer,sierra_nevada,fall,two_stage,NA,NA
39.1,basal_area,m2/ha,1,thinburn,stephens,mixed_conifer,sierra_nevada,fall,two_stage,NA,NA
39.7,basal_area,m2/ha,7,thinburn,stephens,mixed_conifer,sierra_nevada,fall,two_stage,NA,NA
25.2,cwd,Mg/ha,0,control,stephens,mixed_conifer,sierra_nevada,NA,NA,NA,NA
29,cwd,Mg/ha,1,control,stephens,mixed_conifer,sierra_nevada,NA,NA,NA,NA
23.8,cwd,Mg/ha,7,control,stephens,mixed_conifer,sierra_nevada,NA,NA,NA,NA
30,cwd,Mg/ha,0,burn,stephens,mixed_conifer,sierra_nevada,fall,NA,NA,NA
5.7,cwd,Mg/ha,1,burn,stephens,mixed_conifer,sierra_nevada,fall,NA,NA,NA
12.9,cwd,Mg/ha,7,burn,stephens,mixed_conifer,sierra_nevada,fall,NA,NA,NA
31.4,cwd,Mg/ha,0,thin,stephens,mixed_conifer,sierra_nevada,NA,two_stage,NA,NA
30,cwd,Mg/ha,1,thin,stephens,mixed_conifer,sierra_nevada,NA,two_stage,NA,NA
19.5,cwd,Mg/ha,7,thin,stephens,mixed_conifer,sierra_nevada,NA,two_stage,NA,NA
30,cwd,Mg/ha,0,thinburn,stephens,mixed_conifer,sierra_nevada,fall,two_stage,NA,NA
8.6,cwd,Mg/ha,1,thinburn,stephens,mixed_conifer,sierra_nevada,fall,two_stage,NA,NA
12.4,cwd,Mg/ha,7,thinburn,stephens,mixed_conifer,sierra_nevada,fall,two_stage,NA,NA
11.5,fwd,Mg/ha,0,control,stephens,mixed_conifer,sierra_nevada,NA,NA,NA,NA
14.1,fwd,Mg/ha,1,control,stephens,mixed_conifer,sierra_nevada,NA,NA,NA,NA
7.1,fwd,Mg/ha,7,control,stephens,mixed_conifer,sierra_nevada,NA,NA,NA,NA
12.1,fwd,Mg/ha,0,burn,stephens,mixed_conifer,sierra_nevada,fall,NA,NA,NA
4.4,fwd,Mg/ha,1,burn,stephens,mixed_conifer,sierra_nevada,fall,NA,NA,NA
5,fwd,Mg/ha,7,burn,stephens,mixed_conifer,sierra_nevada,fall,NA,NA,NA
10,fwd,Mg/ha,0,thin,stephens,mixed_conifer,sierra_nevada,NA,two_stage,NA,NA
17.1,fwd,Mg/ha,1,thin,stephens,mixed_conifer,sierra_nevada,NA,two_stage,NA,NA
9.7,fwd,Mg/ha,7,thin,stephens,mixed_conifer,sierra_nevada,NA,two_stage,NA,NA
12.1,fwd,Mg/ha,0,thinburn,stephens,mixed_conifer,sierra_nevada,fall,two_stage,NA,NA
5,fwd,Mg/ha,1,thinburn,stephens,mixed_conifer,sierra_nevada,fall,two_stage,NA,NA
5,fwd,Mg/ha,7,thinburn,stephens,mixed_conifer,sierra_nevada,fall,two_stage,NA,NA
23.6,litter,Mg/ha,0,control,stephens,mixed_conifer,sierra_nevada,NA,NA,NA,NA
17.5,litter,Mg/ha,1,control,stephens,mixed_conifer,sierra_nevada,NA,NA,NA,NA
18.1,litter,Mg/ha,7,control,stephens,mixed_conifer,sierra_nevada,NA,NA,NA,NA
21.6,litter,Mg/ha,0,burn,stephens,mixed_conifer,sierra_nevada,fall,NA,NA,NA
6.3,litter,Mg/ha,1,burn,stephens,mixed_conifer,sierra_nevada,fall,NA,NA,NA
14.7,litter,Mg/ha,7,burn,stephens,mixed_conifer,sierra_nevada,fall,NA,NA,NA
22.1,litter,Mg/ha,0,thin,stephens,mixed_conifer,sierra_nevada,NA,two_stage,NA,NA
19.8,litter,Mg/ha,1,thin,stephens,mixed_conifer,sierra_nevada,NA,two_stage,NA,NA
19.3,litter,Mg/ha,7,thin,stephens,mixed_conifer,sierra_nevada,NA,two_stage,NA,NA
22.4,litter,Mg/ha,0,thinburn,stephens,mixed_conifer,sierra_nevada,fall,two_stage,NA,NA
6.3,litter,Mg/ha,1,thinburn,stephens,mixed_conifer,sierra_nevada,fall,two_stage,NA,NA
13.8,litter,Mg/ha,7,thinburn,stephens,mixed_conifer,sierra_nevada,fall,two_stage,NA,NA
50.6,duff,Mg/ha,0,control,stephens,mixed_conifer,sierra_nevada,NA,NA,NA,NA
45.2,duff,Mg/ha,1,control,stephens,mixed_conifer,sierra_nevada,NA,NA,NA,NA
51.4,duff,Mg/ha,7,control,stephens,mixed_conifer,sierra_nevada,NA,NA,NA,NA
49.1,duff,Mg/ha,0,burn,stephens,mixed_conifer,sierra_nevada,fall,NA,NA,NA
4.7,duff,Mg/ha,1,burn,stephens,mixed_conifer,sierra_nevada,fall,NA,NA,NA
9.4,duff,Mg/ha,7,burn,stephens,mixed_conifer,sierra_nevada,fall,NA,NA,NA
49.1,duff,Mg/ha,0,thin,stephens,mixed_conifer,sierra_nevada,NA,two_stage,NA,NA
35.8,duff,Mg/ha,1,thin,stephens,mixed_conifer,sierra_nevada,NA,two_stage,NA,NA
46,duff,Mg/ha,7,thin,stephens,mixed_conifer,sierra_nevada,NA,two_stage,NA,NA
59.2,duff,Mg/ha,0,thinburn,stephens,mixed_conifer,sierra_nevada,fall,two_stage,NA,NA
3.9,duff,Mg/ha,1,thinburn,stephens,mixed_conifer,sierra_nevada,fall,two_stage,NA,NA
10.1,duff,Mg/ha,7,thinburn,stephens,mixed_conifer,sierra_nevada,fall,two_stage,NA,NA
0.38,torching_probability,decimal,0,control,stephens,mixed_conifer,sierra_nevada,NA,NA,NA,NA
0.39,torching_probability,decimal,1,control,stephens,mixed_conifer,sierra_nevada,NA,NA,NA,NA
0.51,torching_probability,decimal,7,control,stephens,mixed_conifer,sierra_nevada,NA,NA,NA,NA
0.46,torching_probability,decimal,0,burn,stephens,mixed_conifer,sierra_nevada,fall,NA,NA,NA
0,torching_probability,decimal,1,burn,stephens,mixed_conifer,sierra_nevada,fall,NA,NA,NA
0.04,torching_probability,decimal,7,burn,stephens,mixed_conifer,sierra_nevada,fall,NA,NA,NA
0.33,torching_probability,decimal,0,thin,stephens,mixed_conifer,sierra_nevada,NA,two_stage,NA,NA
0.36,torching_probability,decimal,1,thin,stephens,mixed_conifer,sierra_nevada,NA,two_stage,NA,NA
0.14,torching_probability,decimal,7,thin,stephens,mixed_conifer,sierra_nevada,NA,two_stage,NA,NA
0.33,torching_probability,decimal,0,thinburn,stephens,mixed_conifer,sierra_nevada,fall,two_stage,NA,NA
0,torching_probability,decimal,1,thinburn,stephens,mixed_conifer,sierra_nevada,fall,two_stage,NA,NA
0.03,torching_probability,decimal,7,thinburn,stephens,mixed_conifer,sierra_nevada,fall,two_stage,NA,NA
8,flame_length,meters,0,control,stephens,mixed_conifer,sierra_nevada,NA,NA,NA,NA
8.3,flame_length,meters,1,control,stephens,mixed_conifer,sierra_nevada,NA,NA,NA,NA
9.6,flame_length,meters,7,control,stephens,mixed_conifer,sierra_nevada,NA,NA,NA,NA
7.5,flame_length,meters,0,burn,stephens,mixed_conifer,sierra_nevada,fall,NA,NA,NA
3.6,flame_length,meters,1,burn,stephens,mixed_conifer,sierra_nevada,fall,NA,NA,NA
1.9,flame_length,meters,7,burn,stephens,mixed_conifer,sierra_nevada,fall,NA,NA,NA
4.6,flame_length,meters,0,thin,stephens,mixed_conifer,sierra_nevada,NA,two_stage,NA,NA
3.9,flame_length,meters,1,thin,stephens,mixed_conifer,sierra_nevada,NA,two_stage,NA,NA
1.2,flame_length,meters,7,thin,stephens,mixed_conifer,sierra_nevada,NA,two_stage,NA,NA
6.4,flame_length,meters,0,thinburn,stephens,mixed_conifer,sierra_nevada,fall,two_stage,NA,NA
0.4,flame_length,meters,1,thinburn,stephens,mixed_conifer,sierra_nevada,fall,two_stage,NA,NA
0.7,flame_length,meters,7,thinburn,stephens,mixed_conifer,sierra_nevada,fall,two_stage,NA,NA
0.093,canopy_bulk_density,kg/m3,0,control,stephens,mixed_conifer,sierra_nevada,NA,NA,NA,NA
0.095,canopy_bulk_density,kg/m3,1,control,stephens,mixed_conifer,sierra_nevada,NA,NA,NA,NA
0.094,canopy_bulk_density,kg/m3,7,control,stephens,mixed_conifer,sierra_nevada,NA,NA,NA,NA
0.088,canopy_bulk_density,kg/m3,0,burn,stephens,mixed_conifer,sierra_nevada,fall,NA,NA,NA
0.087,canopy_bulk_density,kg/m3,1,burn,stephens,mixed_conifer,sierra_nevada,fall,NA,NA,NA
0.076,canopy_bulk_density,kg/m3,7,burn,stephens,mixed_conifer,sierra_nevada,fall,NA,NA,NA
0.078,canopy_bulk_density,kg/m3,0,thin,stephens,mixed_conifer,sierra_nevada,NA,two_stage,NA,NA
0.052,canopy_bulk_density,kg/m3,1,thin,stephens,mixed_conifer,sierra_nevada,NA,two_stage,NA,NA
0.053,canopy_bulk_density,kg/m3,7,thin,stephens,mixed_conifer,sierra_nevada,NA,two_stage,NA,NA
0.08,canopy_bulk_density,kg/m3,0,thinburn,stephens,mixed_conifer,sierra_nevada,fall,two_stage,NA,NA
0.049,canopy_bulk_density,kg/m3,1,thinburn,stephens,mixed_conifer,sierra_nevada,fall,two_stage,NA,NA
0.044,canopy_bulk_density,kg/m3,7,thinburn,stephens,mixed_conifer,sierra_nevada,fall,two_stage,NA,NA
5.2,canopy_base_height,meters,0,control,stephens,mixed_conifer,sierra_nevada,NA,NA,NA,NA
5,canopy_base_height,meters,1,control,stephens,mixed_conifer,sierra_nevada,NA,NA,NA,NA
3.6,canopy_base_height,meters,7,control,stephens,mixed_conifer,sierra_nevada,NA,NA,NA,NA
4.3,canopy_base_height,meters,0,burn,stephens,mixed_conifer,sierra_nevada,fall,NA,NA,NA
4.7,canopy_base_height,meters,1,burn,stephens,mixed_conifer,sierra_nevada,fall,NA,NA,NA
6.2,canopy_base_height,meters,7,burn,stephens,mixed_conifer,sierra_nevada,fall,NA,NA,NA
5.6,canopy_base_height,meters,0,thin,stephens,mixed_conifer,sierra_nevada,NA,two_stage,NA,NA
8.1,canopy_base_height,meters,1,thin,stephens,mixed_conifer,sierra_nevada,NA,two_stage,NA,NA
4.5,canopy_base_height,meters,7,thin,stephens,mixed_conifer,sierra_nevada,NA,two_stage,NA,NA
4.2,canopy_base_height,meters,0,thinburn,stephens,mixed_conifer,sierra_nevada,fall,two_stage,NA,NA
7.6,canopy_base_height,meters,1,thinburn,stephens,mixed_conifer,sierra_nevada,fall,two_stage,NA,NA
8.1,canopy_base_height,meters,7,thinburn,stephens,mixed_conifer,sierra_nevada,fall,two_stage,NA,NA
12.9,litter,Mg/ha,4.6,burn,battaglia,ponderosa,black_hills,unknown,NA,NA,NA
12.9,litter,Mg/ha,13,burn,battaglia,ponderosa,black_hills,unknown,NA,NA,NA
10.5,litter,Mg/ha,43.5,wildfire_low,battaglia,ponderosa,black_hills,unknown,NA,NA,NA
13.3,litter,Mg/ha,65,wildfire_low,battaglia,ponderosa,black_hills,unknown,NA,NA,NA
10.3,litter,Mg/ha,80,wildfire_low,battaglia,ponderosa,black_hills,unknown,NA,NA,NA
0.33,one_hour,Mg/ha,4.6,burn,battaglia,ponderosa,black_hills,unknown,NA,NA,NA
0.35,one_hour,Mg/ha,13,burn,battaglia,ponderosa,black_hills,unknown,NA,NA,NA
0.15,one_hour,Mg/ha,43.5,wildfire_low,battaglia,ponderosa,black_hills,unknown,NA,NA,NA
0.43,one_hour,Mg/ha,65,wildfire_low,battaglia,ponderosa,black_hills,unknown,NA,NA,NA
0.21,one_hour,Mg/ha,80,wildfire_low,battaglia,ponderosa,black_hills,unknown,NA,NA,NA
1.2,ten_hour,Mg/ha,4.6,burn,battaglia,ponderosa,black_hills,unknown,NA,NA,NA
1.84,ten_hour,Mg/ha,13,burn,battaglia,ponderosa,black_hills,unknown,NA,NA,NA
1.29,ten_hour,Mg/ha,43.5,wildfire_low,battaglia,ponderosa,black_hills,unknown,NA,NA,NA
1.7,ten_hour,Mg/ha,65,wildfire_low,battaglia,ponderosa,black_hills,unknown,NA,NA,NA
0.69,ten_hour,Mg/ha,80,wildfire_low,battaglia,ponderosa,black_hills,unknown,NA,NA,NA
2.06,hundred_hour,Mg/ha,4.6,burn,battaglia,ponderosa,black_hills,unknown,NA,NA,NA
6.59,hundred_hour,Mg/ha,13,burn,battaglia,ponderosa,black_hills,unknown,NA,NA,NA
3.97,hundred_hour,Mg/ha,43.5,wildfire_low,battaglia,ponderosa,black_hills,unknown,NA,NA,NA
2.85,hundred_hour,Mg/ha,65,wildfire_low,battaglia,ponderosa,black_hills,unknown,NA,NA,NA
1.43,hundred_hour,Mg/ha,80,wildfire_low,battaglia,ponderosa,black_hills,unknown,NA,NA,NA
4.44,thousand_sound,Mg/ha,4.6,burn,battaglia,ponderosa,black_hills,unknown,NA,NA,NA
2.99,thousand_sound,Mg/ha,13,burn,battaglia,ponderosa,black_hills,unknown,NA,NA,NA
2.97,thousand_sound,Mg/ha,43.5,wildfire_low,battaglia,ponderosa,black_hills,unknown,NA,NA,NA
4.13,thousand_sound,Mg/ha,65,wildfire_low,battaglia,ponderosa,black_hills,unknown,NA,NA,NA
1.64,thousand_sound,Mg/ha,80,wildfire_low,battaglia,ponderosa,black_hills,unknown,NA,NA,NA
0.52,thousand_rotten,Mg/ha,4.6,burn,battaglia,ponderosa,black_hills,unknown,NA,NA,NA
5.37,thousand_rotten,Mg/ha,13,burn,battaglia,ponderosa,black_hills,unknown,NA,NA,NA
1.85,thousand_rotten,Mg/ha,43.5,wildfire_low,battaglia,ponderosa,black_hills,unknown,NA,NA,NA
1.72,thousand_rotten,Mg/ha,65,wildfire_low,battaglia,ponderosa,black_hills,unknown,NA,NA,NA
0.38,thousand_rotten,Mg/ha,80,wildfire_low,battaglia,ponderosa,black_hills,unknown,NA,NA,NA
7,duff,Mg/ha,4.6,burn,battaglia,ponderosa,black_hills,unknown,NA,NA,NA
3.7,duff,Mg/ha,13,burn,battaglia,ponderosa,black_hills,unknown,NA,NA,NA
4.2,duff,Mg/ha,43.5,wildfire_low,battaglia,ponderosa,black_hills,unknown,NA,NA,NA
9.9,duff,Mg/ha,65,wildfire_low,battaglia,ponderosa,black_hills,unknown,NA,NA,NA
8.9,duff,Mg/ha,80,wildfire_low,battaglia,ponderosa,black_hills,unknown,NA,NA,NA
85,torching_index,km/hour,4.6,burn,battaglia,ponderosa,black_hills,unknown,NA,NA,NA
15,torching_index,km/hour,13,burn,battaglia,ponderosa,black_hills,unknown,NA,NA,NA
17,torching_index,km/hour,43.5,wildfire_low,battaglia,ponderosa,black_hills,unknown,NA,NA,NA
90,crowning_index,km/hour,4.6,burn,battaglia,ponderosa,black_hills,unknown,NA,NA,NA
29,crowning_index,km/hour,13,burn,battaglia,ponderosa,black_hills,unknown,NA,NA,NA
58,crowning_index,km/hour,43.5,wildfire_low,battaglia,ponderosa,black_hills,unknown,NA,NA,NA
8,canopy_base_height,meters,4.6,burn,battaglia,ponderosa,black_hills,unknown,NA,NA,NA
1.2,canopy_base_height,meters,13,burn,battaglia,ponderosa,black_hills,unknown,NA,NA,NA
1.5,canopy_base_height,meters,43.5,wildfire_low,battaglia,ponderosa,black_hills,unknown,NA,NA,NA
17,basal_area,m2/ha,2,burn,battaglia,ponderosa,black_hills,unknown,NA,NA,NA
13.9,basal_area,m2/ha,6,burn,battaglia,ponderosa,black_hills,unknown,NA,NA,NA
16.1,basal_area,m2/ha,6,burn,battaglia,ponderosa,black_hills,unknown,NA,NA,NA
10.7,basal_area,m2/ha,13,burn,battaglia,ponderosa,black_hills,unknown,NA,NA,NA
8.6,basal_area,m2/ha,40,burn,battaglia,ponderosa,black_hills,unknown,NA,NA,NA
17.8,basal_area,m2/ha,47,wildfire_low,battaglia,ponderosa,black_hills,unknown,NA,NA,NA
19.9,basal_area,m2/ha,65,wildfire_low,battaglia,ponderosa,black_hills,unknown,NA,NA,NA
15.6,basal_area,m2/ha,80,wildfire_low,battaglia,ponderosa,black_hills,unknown,NA,NA,NA
395,density,trees/ha,2,burn,battaglia,ponderosa,black_hills,unknown,NA,NA,NA
533,density,trees/ha,6,burn,battaglia,ponderosa,black_hills,unknown,NA,NA,NA
487,density,trees/ha,6,burn,battaglia,ponderosa,black_hills,unknown,NA,NA,NA
259,density,trees/ha,13,burn,battaglia,ponderosa,black_hills,unknown,NA,NA,NA
188,density,trees/ha,40,burn,battaglia,ponderosa,black_hills,unknown,NA,NA,NA
314,density,trees/ha,47,wildfire_low,battaglia,ponderosa,black_hills,unknown,NA,NA,NA
532,density,trees/ha,65,wildfire_low,battaglia,ponderosa,black_hills,unknown,NA,NA,NA
309,density,trees/ha,80,wildfire_low,battaglia,ponderosa,black_hills,unknown,NA,NA,NA
0.8,flame_length,meters,0,burn,noonan-wright,mixed,sierra_nevada,unknown,NA,stylized,max_one_minute
1.1,flame_length,meters,0,burn,noonan-wright,mixed,sierra_nevada,unknown,NA,custom,max_one_minute
0.5,flame_length,meters,1,burn,noonan-wright,mixed,sierra_nevada,unknown,NA,stylized,max_one_minute
0.5,flame_length,meters,1,burn,noonan-wright,mixed,sierra_nevada,unknown,NA,custom,max_one_minute
0.7,flame_length,meters,2,burn,noonan-wright,mixed,sierra_nevada,unknown,NA,stylized,max_one_minute
0.6,flame_length,meters,2,burn,noonan-wright,mixed,sierra_nevada,unknown,NA,custom,max_one_minute
1.4,flame_length,meters,5,burn,noonan-wright,mixed,sierra_nevada,unknown,NA,stylized,max_one_minute
1.2,flame_length,meters,5,burn,noonan-wright,mixed,sierra_nevada,unknown,NA,custom,max_one_minute
0.9,flame_length,meters,8,burn,noonan-wright,mixed,sierra_nevada,unknown,NA,stylized,max_one_minute
1,flame_length,meters,8,burn,noonan-wright,mixed,sierra_nevada,unknown,NA,custom,max_one_minute
1.8,flame_length,meters,0,burn,noonan-wright,mixed,sierra_nevada,unknown,NA,stylized,max_gust
2.4,flame_length,meters,0,burn,noonan-wright,mixed,sierra_nevada,unknown,NA,custom,max_gust
1.4,flame_length,meters,1,burn,noonan-wright,mixed,sierra_nevada,unknown,NA,stylized,max_gust
1.1,flame_length,meters,1,burn,noonan-wright,mixed,sierra_nevada,unknown,NA,custom,max_gust
1.7,flame_length,meters,2,burn,noonan-wright,mixed,sierra_nevada,unknown,NA,stylized,max_gust
1.4,flame_length,meters,2,burn,noonan-wright,mixed,sierra_nevada,unknown,NA,custom,max_gust
2.4,flame_length,meters,5,burn,noonan-wright,mixed,sierra_nevada,unknown,NA,stylized,max_gust
2.1,flame_length,meters,5,burn,noonan-wright,mixed,sierra_nevada,unknown,NA,custom,max_gust
1.8,flame_length,meters,8,burn,noonan-wright,mixed,sierra_nevada,unknown,NA,stylized,max_gust
2.2,flame_length,meters,8,burn,noonan-wright,mixed,sierra_nevada,unknown,NA,custom,max_gust
11.5,fwd,Mg/ha,0,burn,noonan-wright,mixed,sierra_nevada,unknown,NA,stylized,NA
16.4,fwd,Mg/ha,0,burn,noonan-wright,mixed,sierra_nevada,unknown,NA,custom,NA
7.2,fwd,Mg/ha,1,burn,noonan-wright,mixed,sierra_nevada,unknown,NA,stylized,NA
6.8,fwd,Mg/ha,1,burn,noonan-wright,mixed,sierra_nevada,unknown,NA,custom,NA
8.9,fwd,Mg/ha,2,burn,noonan-wright,mixed,sierra_nevada,unknown,NA,stylized,NA
8.9,fwd,Mg/ha,2,burn,noonan-wright,mixed,sierra_nevada,unknown,NA,custom,NA
11.1,fwd,Mg/ha,5,burn,noonan-wright,mixed,sierra_nevada,unknown,NA,stylized,NA
13.7,fwd,Mg/ha,5,burn,noonan-wright,mixed,sierra_nevada,unknown,NA,custom,NA
11.3,fwd,Mg/ha,8,burn,noonan-wright,mixed,sierra_nevada,unknown,NA,stylized,NA
15.5,fwd,Mg/ha,8,burn,noonan-wright,mixed,sierra_nevada,unknown,NA,custom,NA
2.4,live_fuels,Mg/ha,0,burn,noonan-wright,mixed,sierra_nevada,unknown,NA,stylized,NA
1.7,live_fuels,Mg/ha,0,burn,noonan-wright,mixed,sierra_nevada,unknown,NA,custom,NA
2.1,live_fuels,Mg/ha,1,burn,noonan-wright,mixed,sierra_nevada,unknown,NA,stylized,NA
0.7,live_fuels,Mg/ha,1,burn,noonan-wright,mixed,sierra_nevada,unknown,NA,custom,NA
1.7,live_fuels,Mg/ha,2,burn,noonan-wright,mixed,sierra_nevada,unknown,NA,stylized,NA
0.7,live_fuels,Mg/ha,2,burn,noonan-wright,mixed,sierra_nevada,unknown,NA,custom,NA
1.5,live_fuels,Mg/ha,5,burn,noonan-wright,mixed,sierra_nevada,unknown,NA,stylized,NA
1.7,live_fuels,Mg/ha,5,burn,noonan-wright,mixed,sierra_nevada,unknown,NA,custom,NA
1.7,live_fuels,Mg/ha,8,burn,noonan-wright,mixed,sierra_nevada,unknown,NA,stylized,NA
2.5,live_fuels,Mg/ha,8,burn,noonan-wright,mixed,sierra_nevada,unknown,NA,custom,NA
816,density,trees/ha,0,burn,mantgem,mixed_conifer,sierra_nevada,unknown,NA,NA,NA
525,density,trees/ha,1.5,burn,mantgem,mixed_conifer,sierra_nevada,unknown,NA,NA,NA
348,density,trees/ha,5.5,burn,mantgem,mixed_conifer,sierra_nevada,unknown,NA,NA,NA
291,density,trees/ha,10,burn,mantgem,mixed_conifer,sierra_nevada,unknown,NA,NA,NA
557,density,trees/ha,0,burn,mantgem,ponderosa,sierra_nevada,unknown,NA,NA,NA
380,density,trees/ha,1.5,burn,mantgem,ponderosa,sierra_nevada,unknown,NA,NA,NA
342,density,trees/ha,5.5,burn,mantgem,ponderosa,sierra_nevada,unknown,NA,NA,NA
285,density,trees/ha,10,burn,mantgem,ponderosa,sierra_nevada,unknown,NA,NA,NA
842,density,trees/ha,0,burn,mantgem,ponderosa,colorado_plateau,unknown,NA,NA,NA
671,density,trees/ha,1.5,burn,mantgem,ponderosa,colorado_plateau,unknown,NA,NA,NA
361,density,trees/ha,5.5,burn,mantgem,ponderosa,colorado_plateau,unknown,NA,NA,NA
513,density,trees/ha,10,burn,mantgem,ponderosa,colorado_plateau,unknown,NA,NA,NA
132.1,basal_area,m2/ha,0,burn,mantgem,mixed_conifer,sierra_nevada,unknown,NA,NA,NA
118.8,basal_area,m2/ha,1.5,burn,mantgem,mixed_conifer,sierra_nevada,unknown,NA,NA,NA
126.1,basal_area,m2/ha,5.5,burn,mantgem,mixed_conifer,sierra_nevada,unknown,NA,NA,NA
124.8,basal_area,m2/ha,10,burn,mantgem,mixed_conifer,sierra_nevada,unknown,NA,NA,NA
43.6,basal_area,m2/ha,0,burn,mantgem,ponderosa,sierra_nevada,unknown,NA,NA,NA
41.2,basal_area,m2/ha,1.5,burn,mantgem,ponderosa,sierra_nevada,unknown,NA,NA,NA
38.8,basal_area,m2/ha,5.5,burn,mantgem,ponderosa,sierra_nevada,unknown,NA,NA,NA
44.8,basal_area,m2/ha,10,burn,mantgem,ponderosa,sierra_nevada,unknown,NA,NA,NA
23,basal_area,m2/ha,0,burn,mantgem,ponderosa,colorado_plateau,unknown,NA,NA,NA
24.2,basal_area,m2/ha,1.5,burn,mantgem,ponderosa,colorado_plateau,unknown,NA,NA,NA
23,basal_area,m2/ha,5.5,burn,mantgem,ponderosa,colorado_plateau,unknown,NA,NA,NA
21.8,basal_area,m2/ha,10,burn,mantgem,ponderosa,colorado_plateau,unknown,NA,NA,NA
41.2,duff,Mg/ha,0,burn,mantgem,mixed_conifer,sierra_nevada,unknown,NA,NA,NA
4.9,duff,Mg/ha,1.5,burn,mantgem,mixed_conifer,sierra_nevada,unknown,NA,NA,NA
12.4,duff,Mg/ha,5.5,burn,mantgem,mixed_conifer,sierra_nevada,unknown,NA,NA,NA
18.1,duff,Mg/ha,10,burn,mantgem,mixed_conifer,sierra_nevada,unknown,NA,NA,NA
7.4,litter,Mg/ha,0,burn,mantgem,mixed_conifer,sierra_nevada,unknown,NA,NA,NA
3.3,litter,Mg/ha,1.5,burn,mantgem,mixed_conifer,sierra_nevada,unknown,NA,NA,NA
4.9,litter,Mg/ha,5.5,burn,mantgem,mixed_conifer,sierra_nevada,unknown,NA,NA,NA
4.1,litter,Mg/ha,10,burn,mantgem,mixed_conifer,sierra_nevada,unknown,NA,NA,NA
10.7,fwd,Mg/ha,0,burn,mantgem,mixed_conifer,sierra_nevada,unknown,NA,NA,NA
5.8,fwd,Mg/ha,1.5,burn,mantgem,mixed_conifer,sierra_nevada,unknown,NA,NA,NA
9.1,fwd,Mg/ha,5.5,burn,mantgem,mixed_conifer,sierra_nevada,unknown,NA,NA,NA
9.9,fwd,Mg/ha,10,burn,mantgem,mixed_conifer,sierra_nevada,unknown,NA,NA,NA
48.7,cwd,Mg/ha,0,burn,mantgem,mixed_conifer,sierra_nevada,unknown,NA,NA,NA
27.2,cwd,Mg/ha,1.5,burn,mantgem,mixed_conifer,sierra_nevada,unknown,NA,NA,NA
42.1,cwd,Mg/ha,5.5,burn,mantgem,mixed_conifer,sierra_nevada,unknown,NA,NA,NA
63.5,cwd,Mg/ha,10,burn,mantgem,mixed_conifer,sierra_nevada,unknown,NA,NA,NA
33,duff,Mg/ha,0,burn,mantgem,ponderosa,sierra_nevada,unknown,NA,NA,NA
7.4,duff,Mg/ha,1.5,burn,mantgem,ponderosa,sierra_nevada,unknown,NA,NA,NA
10.7,duff,Mg/ha,5.5,burn,mantgem,ponderosa,sierra_nevada,unknown,NA,NA,NA
14.8,duff,Mg/ha,10,burn,mantgem,ponderosa,sierra_nevada,unknown,NA,NA,NA
12.4,litter,Mg/ha,0,burn,mantgem,ponderosa,sierra_nevada,unknown,NA,NA,NA
4.9,litter,Mg/ha,1.5,burn,mantgem,ponderosa,sierra_nevada,unknown,NA,NA,NA
4.9,litter,Mg/ha,5.5,burn,mantgem,ponderosa,sierra_nevada,unknown,NA,NA,NA
5.8,litter,Mg/ha,10,burn,mantgem,ponderosa,sierra_nevada,unknown,NA,NA,NA
8.2,fwd,Mg/ha,0,burn,mantgem,ponderosa,sierra_nevada,unknown,NA,NA,NA
4.1,fwd,Mg/ha,1.5,burn,mantgem,ponderosa,sierra_nevada,unknown,NA,NA,NA
5.8,fwd,Mg/ha,5.5,burn,mantgem,ponderosa,sierra_nevada,unknown,NA,NA,NA
7.4,fwd,Mg/ha,10,burn,mantgem,ponderosa,sierra_nevada,unknown,NA,NA,NA
52,cwd,Mg/ha,0,burn,mantgem,ponderosa,sierra_nevada,unknown,NA,NA,NA
29.7,cwd,Mg/ha,1.5,burn,mantgem,ponderosa,sierra_nevada,unknown,NA,NA,NA
33.8,cwd,Mg/ha,5.5,burn,mantgem,ponderosa,sierra_nevada,unknown,NA,NA,NA
59.4,cwd,Mg/ha,10,burn,mantgem,ponderosa,sierra_nevada,unknown,NA,NA,NA
28,duff,Mg/ha,0,burn,mantgem,ponderosa,colorado_plateau,unknown,NA,NA,NA
23.1,duff,Mg/ha,1.5,burn,mantgem,ponderosa,colorado_plateau,unknown,NA,NA,NA
22.3,duff,Mg/ha,5.5,burn,mantgem,ponderosa,colorado_plateau,unknown,NA,NA,NA
18.1,duff,Mg/ha,10,burn,mantgem,ponderosa,colorado_plateau,unknown,NA,NA,NA
8.2,litter,Mg/ha,0,burn,mantgem,ponderosa,colorado_plateau,unknown,NA,NA,NA
4.1,litter,Mg/ha,1.5,burn,mantgem,ponderosa,colorado_plateau,unknown,NA,NA,NA
5.8,litter,Mg/ha,5.5,burn,mantgem,ponderosa,colorado_plateau,unknown,NA,NA,NA
5.8,litter,Mg/ha,10,burn,mantgem,ponderosa,colorado_plateau,unknown,NA,NA,NA
6.6,fwd,Mg/ha,0,burn,mantgem,ponderosa,colorado_plateau,unknown,NA,NA,NA
5.8,fwd,Mg/ha,1.5,burn,mantgem,ponderosa,colorado_plateau,unknown,NA,NA,NA
4.9,fwd,Mg/ha,5.5,burn,mantgem,ponderosa,colorado_plateau,unknown,NA,NA,NA
8.2,fwd,Mg/ha,10,burn,mantgem,ponderosa,colorado_plateau,unknown,NA,NA,NA
21.4,cwd,Mg/ha,0,burn,mantgem,ponderosa,colorado_plateau,unknown,NA,NA,NA
11.5,cwd,Mg/ha,1.5,burn,mantgem,ponderosa,colorado_plateau,unknown,NA,NA,NA
14.8,cwd,Mg/ha,5.5,burn,mantgem,ponderosa,colorado_plateau,unknown,NA,NA,NA
18.1,cwd,Mg/ha,10,burn,mantgem,ponderosa,colorado_plateau,unknown,NA,NA,NA
4.4,canopy_base_height,meters,0,burn,mantgem,mixed_conifer,sierra_nevada,unknown,NA,NA,NA
6.9,canopy_base_height,meters,1.5,burn,mantgem,mixed_conifer,sierra_nevada,unknown,NA,NA,NA
10,canopy_base_height,meters,5.5,burn,mantgem,mixed_conifer,sierra_nevada,unknown,NA,NA,NA
10.7,canopy_base_height,meters,10,burn,mantgem,mixed_conifer,sierra_nevada,unknown,NA,NA,NA
4.7,canopy_base_height,meters,0,burn,mantgem,ponderosa,sierra_nevada,unknown,NA,NA,NA
7.3,canopy_base_height,meters,1.5,burn,mantgem,ponderosa,sierra_nevada,unknown,NA,NA,NA
6.7,canopy_base_height,meters,5.5,burn,mantgem,ponderosa,sierra_nevada,unknown,NA,NA,NA
8,canopy_base_height,meters,10,burn,mantgem,ponderosa,sierra_nevada,unknown,NA,NA,NA
4.1,canopy_base_height,meters,0,burn,mantgem,ponderosa,colorado_plateau,unknown,NA,NA,NA
4.4,canopy_base_height,meters,1.5,burn,mantgem,ponderosa,colorado_plateau,unknown,NA,NA,NA
5.9,canopy_base_height,meters,5.5,burn,mantgem,ponderosa,colorado_plateau,unknown,NA,NA,NA
5.5,canopy_base_height,meters,10,burn,mantgem,ponderosa,colorado_plateau,unknown,NA,NA,NA
0.121,canopy_bulk_density,kg/m3,0,burn,mantgem,mixed_conifer,sierra_nevada,unknown,NA,NA,NA
0.109,canopy_bulk_density,kg/m3,1.5,burn,mantgem,mixed_conifer,sierra_nevada,unknown,NA,NA,NA
0.101,canopy_bulk_density,kg/m3,5.5,burn,mantgem,mixed_conifer,sierra_nevada,unknown,NA,NA,NA
0.078,canopy_bulk_density,kg/m3,10,burn,mantgem,mixed_conifer,sierra_nevada,unknown,NA,NA,NA
0.067,canopy_bulk_density,kg/m3,0,burn,mantgem,ponderosa,sierra_nevada,unknown,NA,NA,NA
0.057,canopy_bulk_density,kg/m3,1.5,burn,mantgem,ponderosa,sierra_nevada,unknown,NA,NA,NA
0.054,canopy_bulk_density,kg/m3,5.5,burn,mantgem,ponderosa,sierra_nevada,unknown,NA,NA,NA
0.054,canopy_bulk_density,kg/m3,10,burn,mantgem,ponderosa,sierra_nevada,unknown,NA,NA,NA
0.073,canopy_bulk_density,kg/m3,0,burn,mantgem,ponderosa,colorado_plateau,unknown,NA,NA,NA
0.066,canopy_bulk_density,kg/m3,1.5,burn,mantgem,ponderosa,colorado_plateau,unknown,NA,NA,NA
0.048,canopy_bulk_density,kg/m3,5.5,burn,mantgem,ponderosa,colorado_plateau,unknown,NA,NA,NA
0.064,canopy_bulk_density,kg/m3,10,burn,mantgem,ponderosa,colorado_plateau,unknown,NA,NA,NA
8.3,flame_length,meters,0,burn,mantgem,mixed_conifer,sierra_nevada,unknown,NA,NA,NA
5.4,flame_length,meters,1.5,burn,mantgem,mixed_conifer,sierra_nevada,unknown,NA,NA,NA
3.6,flame_length,meters,5.5,burn,mantgem,mixed_conifer,sierra_nevada,unknown,NA,NA,NA
3.1,flame_length,meters,10,burn,mantgem,mixed_conifer,sierra_nevada,unknown,NA,NA,NA
4.2,flame_length,meters,0,burn,mantgem,ponderosa,sierra_nevada,unknown,NA,NA,NA
1.6,flame_length,meters,1.5,burn,mantgem,ponderosa,sierra_nevada,unknown,NA,NA,NA
2.1,flame_length,meters,5.5,burn,mantgem,ponderosa,sierra_nevada,unknown,NA,NA,NA
2.2,flame_length,meters,10,burn,mantgem,ponderosa,sierra_nevada,unknown,NA,NA,NA
2.1,flame_length,meters,0,burn,mantgem,ponderosa,colorado_plateau,unknown,NA,NA,NA
0.9,flame_length,meters,1.5,burn,mantgem,ponderosa,colorado_plateau,unknown,NA,NA,NA
1.3,flame_length,meters,5.5,burn,mantgem,ponderosa,colorado_plateau,unknown,NA,NA,NA
2,flame_length,meters,10,burn,mantgem,ponderosa,colorado_plateau,unknown,NA,NA,NA
49.1,duff,Mg/ha,3,undifferentiated,chiono,mixed_conifer,sierra_nevada,unknown,NA,NA,NA
37.6,duff,Mg/ha,6,undifferentiated,chiono,mixed_conifer,sierra_nevada,unknown,NA,NA,NA
21.8,duff,Mg/ha,10,undifferentiated,chiono,mixed_conifer,sierra_nevada,unknown,NA,NA,NA
74.5,duff,Mg/ha,0,control,chiono,mixed_conifer,sierra_nevada,unknown,NA,NA,NA
4.7,ten_hour,Mg/ha,3,undifferentiated,chiono,mixed_conifer,sierra_nevada,unknown,NA,NA,NA
4.8,ten_hour,Mg/ha,6,undifferentiated,chiono,mixed_conifer,sierra_nevada,unknown,NA,NA,NA
4.1,ten_hour,Mg/ha,10,undifferentiated,chiono,mixed_conifer,sierra_nevada,unknown,NA,NA,NA
5.7,ten_hour,Mg/ha,0,control,chiono,mixed_conifer,sierra_nevada,unknown,NA,NA,NA
16,litter,Mg/ha,3,undifferentiated,chiono,mixed_conifer,sierra_nevada,unknown,NA,NA,NA
11.7,litter,Mg/ha,6,undifferentiated,chiono,mixed_conifer,sierra_nevada,unknown,NA,NA,NA
15.7,litter,Mg/ha,10,undifferentiated,chiono,mixed_conifer,sierra_nevada,unknown,NA,NA,NA
38.3,litter,Mg/ha,0,control,chiono,mixed_conifer,sierra_nevada,unknown,NA,NA,NA
3.7,hundred_hour,Mg/ha,3,undifferentiated,chiono,mixed_conifer,sierra_nevada,unknown,NA,NA,NA
3.4,hundred_hour,Mg/ha,6,undifferentiated,chiono,mixed_conifer,sierra_nevada,unknown,NA,NA,NA
2.2,hundred_hour,Mg/ha,10,undifferentiated,chiono,mixed_conifer,sierra_nevada,unknown,NA,NA,NA
4.3,hundred_hour,Mg/ha,0,control,chiono,mixed_conifer,sierra_nevada,unknown,NA,NA,NA
0.69,one_hour,Mg/ha,3,undifferentiated,chiono,mixed_conifer,sierra_nevada,unknown,NA,NA,NA
0.53,one_hour,Mg/ha,6,undifferentiated,chiono,mixed_conifer,sierra_nevada,unknown,NA,NA,NA
0.57,one_hour,Mg/ha,10,undifferentiated,chiono,mixed_conifer,sierra_nevada,unknown,NA,NA,NA
1.01,one_hour,Mg/ha,0,control,chiono,mixed_conifer,sierra_nevada,unknown,NA,NA,NA
21.9,cwd,Mg/ha,3,undifferentiated,chiono,mixed_conifer,sierra_nevada,unknown,NA,NA,NA
20.9,cwd,Mg/ha,6,undifferentiated,chiono,mixed_conifer,sierra_nevada,unknown,NA,NA,NA
37.4,cwd,Mg/ha,10,undifferentiated,chiono,mixed_conifer,sierra_nevada,unknown,NA,NA,NA
37.1,cwd,Mg/ha,0,control,chiono,mixed_conifer,sierra_nevada,unknown,NA,NA,NA
32.5,duff,Mg/ha,3,undifferentiated,chiono,ponderosa,sierra_nevada,unknown,NA,NA,NA
35.4,duff,Mg/ha,6,undifferentiated,chiono,ponderosa,sierra_nevada,unknown,NA,NA,NA
31,duff,Mg/ha,10,undifferentiated,chiono,ponderosa,sierra_nevada,unknown,NA,NA,NA
27.7,duff,Mg/ha,0,control,chiono,ponderosa,sierra_nevada,unknown,NA,NA,NA
2.3,ten_hour,Mg/ha,3,undifferentiated,chiono,ponderosa,sierra_nevada,unknown,NA,NA,NA
2,ten_hour,Mg/ha,6,undifferentiated,chiono,ponderosa,sierra_nevada,unknown,NA,NA,NA
2.5,ten_hour,Mg/ha,10,undifferentiated,chiono,ponderosa,sierra_nevada,unknown,NA,NA,NA
2.3,ten_hour,Mg/ha,0,control,chiono,ponderosa,sierra_nevada,unknown,NA,NA,NA
8.9,litter,Mg/ha,3,undifferentiated,chiono,ponderosa,sierra_nevada,unknown,NA,NA,NA
7.9,litter,Mg/ha,6,undifferentiated,chiono,ponderosa,sierra_nevada,unknown,NA,NA,NA
13.1,litter,Mg/ha,10,undifferentiated,chiono,ponderosa,sierra_nevada,unknown,NA,NA,NA
24,litter,Mg/ha,0,control,chiono,ponderosa,sierra_nevada,unknown,NA,NA,NA
3.7,hundred_hour,Mg/ha,3,undifferentiated,chiono,ponderosa,sierra_nevada,unknown,NA,NA,NA
3.3,hundred_hour,Mg/ha,6,undifferentiated,chiono,ponderosa,sierra_nevada,unknown,NA,NA,NA
4.2,hundred_hour,Mg/ha,10,undifferentiated,chiono,ponderosa,sierra_nevada,unknown,NA,NA,NA
3.8,hundred_hour,Mg/ha,0,control,chiono,ponderosa,sierra_nevada,unknown,NA,NA,NA
0.22,one_hour,Mg/ha,3,undifferentiated,chiono,ponderosa,sierra_nevada,unknown,NA,NA,NA
0.14,one_hour,Mg/ha,6,undifferentiated,chiono,ponderosa,sierra_nevada,unknown,NA,NA,NA
0.49,one_hour,Mg/ha,10,undifferentiated,chiono,ponderosa,sierra_nevada,unknown,NA,NA,NA
0.54,one_hour,Mg/ha,0,control,chiono,ponderosa,sierra_nevada,unknown,NA,NA,NA
14.9,cwd,Mg/ha,3,undifferentiated,chiono,ponderosa,sierra_nevada,unknown,NA,NA,NA
8.3,cwd,Mg/ha,6,undifferentiated,chiono,ponderosa,sierra_nevada,unknown,NA,NA,NA
14.3,cwd,Mg/ha,10,undifferentiated,chiono,ponderosa,sierra_nevada,unknown,NA,NA,NA
26.8,cwd,Mg/ha,0,control,chiono,ponderosa,sierra_nevada,unknown,NA,NA,NA
33.8,basal_area,Mg/ha,3,undifferentiated,chiono,mixed_conifer,sierra_nevada,unknown,NA,NA,NA
32,basal_area,Mg/ha,6,undifferentiated,chiono,mixed_conifer,sierra_nevada,unknown,NA,NA,NA
26.1,basal_area,Mg/ha,10,undifferentiated,chiono,mixed_conifer,sierra_nevada,unknown,NA,NA,NA
50.4,basal_area,Mg/ha,0,control,chiono,mixed_conifer,sierra_nevada,unknown,NA,NA,NA
46,canopy_cover,Mg/ha,3,undifferentiated,chiono,mixed_conifer,sierra_nevada,unknown,NA,NA,NA
47.9,canopy_cover,Mg/ha,6,undifferentiated,chiono,mixed_conifer,sierra_nevada,unknown,NA,NA,NA
41.1,canopy_cover,Mg/ha,10,undifferentiated,chiono,mixed_conifer,sierra_nevada,unknown,NA,NA,NA
66.8,canopy_cover,Mg/ha,0,control,chiono,mixed_conifer,sierra_nevada,unknown,NA,NA,NA
3.7,canopy_base_height,meters,3,undifferentiated,chiono,mixed_conifer,sierra_nevada,unknown,NA,NA,NA
4,canopy_base_height,meters,6,undifferentiated,chiono,mixed_conifer,sierra_nevada,unknown,NA,NA,NA
5.4,canopy_base_height,meters,10,undifferentiated,chiono,mixed_conifer,sierra_nevada,unknown,NA,NA,NA
1,canopy_base_height,meters,0,control,chiono,mixed_conifer,sierra_nevada,unknown,NA,NA,NA
13.8,shrub_cover,percent,3,undifferentiated,chiono,mixed_conifer,sierra_nevada,unknown,NA,NA,NA
4.9,shrub_cover,percent,6,undifferentiated,chiono,mixed_conifer,sierra_nevada,unknown,NA,NA,NA
16.2,shrub_cover,percent,10,undifferentiated,chiono,mixed_conifer,sierra_nevada,unknown,NA,NA,NA
7.5,shrub_cover,percent,0,control,chiono,mixed_conifer,sierra_nevada,unknown,NA,NA,NA
0.061,canopy_bulk_density,kg/m3,3,undifferentiated,chiono,mixed_conifer,sierra_nevada,unknown,NA,NA,NA
0.057,canopy_bulk_density,kg/m3,6,undifferentiated,chiono,mixed_conifer,sierra_nevada,unknown,NA,NA,NA
0.064,canopy_bulk_density,kg/m3,10,undifferentiated,chiono,mixed_conifer,sierra_nevada,unknown,NA,NA,NA
0.124,canopy_bulk_density,kg/m3,0,control,chiono,mixed_conifer,sierra_nevada,unknown,NA,NA,NA
15068,seedling_density,seedlings/ha,3,undifferentiated,chiono,mixed_conifer,sierra_nevada,unknown,NA,NA,NA
6027,seedling_density,seedlings/ha,6,undifferentiated,chiono,mixed_conifer,sierra_nevada,unknown,NA,NA,NA
4521,seedling_density,seedlings/ha,10,undifferentiated,chiono,mixed_conifer,sierra_nevada,unknown,NA,NA,NA
6301,seedling_density,seedlings/ha,0,control,chiono,mixed_conifer,sierra_nevada,unknown,NA,NA,NA
25.1,basal_area,m2/ha,3,undifferentiated,chiono,ponderosa,sierra_nevada,unknown,NA,NA,NA
24.3,basal_area,m2/ha,6,undifferentiated,chiono,ponderosa,sierra_nevada,unknown,NA,NA,NA
25.4,basal_area,m2/ha,10,undifferentiated,chiono,ponderosa,sierra_nevada,unknown,NA,NA,NA
53.2,basal_area,m2/ha,0,control,chiono,ponderosa,sierra_nevada,unknown,NA,NA,NA
30.8,canopy_cover,percent,3,undifferentiated,chiono,ponderosa,sierra_nevada,unknown,NA,NA,NA
26.8,canopy_cover,percent,6,undifferentiated,chiono,ponderosa,sierra_nevada,unknown,NA,NA,NA
35.1,canopy_cover,percent,10,undifferentiated,chiono,ponderosa,sierra_nevada,unknown,NA,NA,NA
48.9,canopy_cover,percent,0,control,chiono,ponderosa,sierra_nevada,unknown,NA,NA,NA
3.1,canopy_base_height,meters,3,undifferentiated,chiono,ponderosa,sierra_nevada,unknown,NA,NA,NA
3.7,canopy_base_height,meters,6,undifferentiated,chiono,ponderosa,sierra_nevada,unknown,NA,NA,NA
2.4,canopy_base_height,meters,10,undifferentiated,chiono,ponderosa,sierra_nevada,unknown,NA,NA,NA
1.1,canopy_base_height,meters,0,control,chiono,ponderosa,sierra_nevada,unknown,NA,NA,NA
7.8,shrub_cover,percent,3,undifferentiated,chiono,ponderosa,sierra_nevada,unknown,NA,NA,NA
7.8,shrub_cover,percent,6,undifferentiated,chiono,ponderosa,sierra_nevada,unknown,NA,NA,NA
5.5,shrub_cover,percent,10,undifferentiated,chiono,ponderosa,sierra_nevada,unknown,NA,NA,NA
5.1,shrub_cover,percent,0,control,chiono,ponderosa,sierra_nevada,unknown,NA,NA,NA
0.061,canopy_bulk_density,kg/m3,3,undifferentiated,chiono,ponderosa,sierra_nevada,unknown,NA,NA,NA
0.039,canopy_bulk_density,kg/m3,6,undifferentiated,chiono,ponderosa,sierra_nevada,unknown,NA,NA,NA
0.048,canopy_bulk_density,kg/m3,10,undifferentiated,chiono,ponderosa,sierra_nevada,unknown,NA,NA,NA
0.188,canopy_bulk_density,kg/m3,0,control,chiono,ponderosa,sierra_nevada,unknown,NA,NA,NA
1293,seedling_density,seedlings/ha,3,undifferentiated,chiono,ponderosa,sierra_nevada,unknown,NA,NA,NA
752,seedling_density,seedlings/ha,6,undifferentiated,chiono,ponderosa,sierra_nevada,unknown,NA,NA,NA
1654,seedling_density,seedlings/ha,10,undifferentiated,chiono,ponderosa,sierra_nevada,unknown,NA,NA,NA
2857,seedling_density,seedlings/ha,0,control,chiono,ponderosa,sierra_nevada,unknown,NA,NA,NA
